45.7764179,4.8687031,Alliance 57 Galline,residential,,,
45.7380918,4.8557353,Nouveau Cimetière de la Guillotière,cemetery,,,locality
45.7424192,4.8549203,Ancien Cimetière de la Guillotière,cemetery,,,locality
45.7615986,4.8136997,Cimetière de Loyasse nouveau,cemetery,,,
45.7623863,4.8112883,Cimetière de Loyasse ancien,cemetery,,,
45.7421066,4.8167278,Place Nautique,,,water,
45.7518435,4.8410141,,brownfield,,,
45.7617042,4.8237768,Jardins du Rosaire,forest,,,
45.7819361,4.8042840,,railway,,,
45.7290354,4.8724519,JST transformateurs,industrial,,,
45.7556957,4.8189853,Jardin Jean Choux,recreation_ground,,,
45.7550874,4.8128208,Place Saint-Irénée,village_green,,,
45.7478962,4.8791249,Unité de Transport des Pins - Dépôt TCL,industrial,,,
45.7665372,4.8273381,,residential,,,
45.7584885,4.8487758,Jardin partagé pédagogique La Pinède,allotments,,,
45.7581791,4.8462873,,residential,,,
45.7307307,4.8320152,,industrial,,,
45.7325101,4.8304231,,allotments,,,
45.7417959,4.8303781,Quartier Général Frère,military,,,
45.7402051,4.8436375,Cimetière juif de Lyon,cemetery,,,
45.7408873,4.8466795,Dépôt Lyon la Mouche,railway,,,
45.7449706,4.8369191,,railway,,,
45.7332617,4.8485825,,railway,,,
45.7660761,4.8684336,,construction,,,
45.7449960,4.8751004,,construction,,,
45.7634861,4.8594787,Chaufferie de Lafayette,industrial,,,
45.7530404,4.8795940,Chantier OnlyOne Montchat,brownfield,,,
45.7527657,4.8729825,,construction,,,
45.7497722,4.8791726,Friche Lamartine,brownfield,,,
45.7553401,4.8709526,Arty,construction,,,
45.7441485,4.8773329,Villa Lucia,construction,,,
45.7456680,4.8793667,,construction,,,
45.7614839,4.8643235,,construction,,,
45.7443901,4.8669171,Chantier Ambiance Lumière,construction,,,
45.7453709,4.8642081,,brownfield,,,
45.7399716,4.8648435,,brownfield,,,
45.7421047,4.8499900,GS Duvivier-Cronstadt,construction,,,
45.7468469,4.8544417,,construction,,,
45.7439431,4.8158130,,,,water,
45.7440681,4.8154070,,grass,,,
45.7614360,4.8501961,Bonnel,recreation_ground,,,
45.7309341,4.8306791,,construction,,,
45.7589736,4.8764513,,construction,,,
45.7589181,4.8757475,,construction,,,
45.7724135,4.8603779,,meadow,,,
45.7303991,4.8626251,,forest,,,
45.7728700,4.8790809,,,,water,
45.7721510,4.8791632,,,,water,
45.7778786,4.8641974,,basin,,,
45.7771872,4.8702395,Projet Be-Flex,construction,,,
45.7696462,4.8149707,,,,cliff,
45.7706625,4.8144539,,,,cliff,
45.7500033,4.8279191,,grass,,,
45.7501017,4.8272504,,,,water,
45.7508287,4.8278054,,,,water,
45.7506172,4.8269443,,grass,,,
45.7512052,4.8284461,,grass,,,
45.7504794,4.8278009,,grass,,,
45.7513635,4.8277963,,grass,,,
45.7512581,4.8280730,,grass,,,
45.7500776,4.8274571,,grass,,,
45.7505299,4.8275897,,,,water,
45.7510414,4.8285046,,grass,,,
45.7589763,4.8403635,,grass,,,
45.7567241,4.8396456,,,,water,
45.7613084,4.8406450,,grass,,,
45.7646766,4.8410238,,grass,,,
45.7628560,4.8408460,,grass,,,
45.7641280,4.8410070,,grass,,,
45.7633394,4.8408913,,grass,,,
45.7651485,4.8410303,,grass,,,
45.7449934,4.8586190,,railway,,,
45.7484556,4.8596134,,railway,,,
45.7399444,4.8541710,,railway,,,
45.7517695,4.8603205,,railway,,,
45.7416716,4.8571912,,railway,,,
45.7760840,4.8284800,,construction,,,
45.7434639,4.8191365,,recreation_ground,,,
45.7450559,4.8472067,Square René Bayet,recreation_ground,,,
45.7457436,4.8475487,,grass,,,
45.7322036,4.8775400,Village d'entreprises du 8ème,commercial,,,
45.7364745,4.7991520,,,,water,
45.7519888,4.8435191,Jardin d'Amaranthes,allotments,,,
45.7795881,4.8677047,,basin,,,
45.7604679,4.8356317,Le bassin central de la place,,,water,
45.7692481,4.8670685,,construction,,,
45.7482640,4.8724219,,village_green,,,
45.7799195,4.8256606,Square Joseph Bouvier,construction,,,
45.7660808,4.8084819,,allotments,,,
45.7763512,4.8742023,,,,water,
45.7518534,4.8679554,,,grass,,
45.7519520,4.8680177,,,bushes,,
45.7517026,4.8679347,,,bushes,,
45.7768965,4.8557783,,,,water,
45.7486542,4.8669610,,,,water,
45.7524245,4.8707797,,construction,,,
45.7569426,4.8322676,,,,water,
45.7388541,4.8005348,Parc Mont-Riant,village_green,,,
45.7749247,4.8552374,,,,water,
45.7346576,4.8027343,,farmland,,,
45.7513742,4.8645375,Jardin partagé des Coccinelles de Sans-Souci,allotments,,,
45.7619653,4.8602421,,railway,,,
45.7514887,4.8650490,Square René Fusier,recreation_ground,,,
45.7758346,4.8546031,Mare des tortues,,,water,
45.7743344,4.8605439,,village_green,,,
45.7666955,4.8240742,,,,cliff,
45.7664686,4.8254496,,railway,,,
45.7672299,4.8021855,,railway,,,
45.7670884,4.7968458,,railway,,,
45.7725959,4.7985599,,railway,,,
45.7769718,4.8004293,,railway,,,
45.7783983,4.8016521,,railway,,,
45.7515562,4.8200066,,railway,,,
45.7592364,4.8565544,,grass,,,
45.7764974,4.8108167,,grass,,,
45.7767274,4.8106617,,grass,,,
45.7730729,4.8784956,,grass,,,
45.7728781,4.8783930,,grass,,,
45.7726306,4.8784117,,grass,,,
45.7723210,4.8785359,,grass,,,
45.7727261,4.8785318,,grass,,,
45.7736150,4.8783632,,grass,,,
45.7734634,4.8783623,,grass,,,
45.7686607,4.8236080,,,,cliff,
45.7687438,4.8208440,,,,cliff,
45.7683061,4.8200479,,,,cliff,
45.7682770,4.8375849,,grass,,,
45.7681548,4.8375830,,grass,,,
45.7683901,4.8375701,,flowerbed,,,
45.7685538,4.8375473,,flowerbed,,,
45.7688256,4.8375642,,grass,,,
45.7598853,4.8317450,,,,water,
45.7597852,4.8316617,,,,water,
45.7587960,4.8204403,,grass,,,
45.7590812,4.8205639,,grass,,,
45.7507478,4.8568818,,grass,,,
45.7509934,4.8560904,,grass,,,
45.7508257,4.8565515,,grass,,,
45.7509030,4.8563236,,grass,,,
45.7779284,4.8577426,,basin,,water,
45.7698611,4.8303781,,flowerbed,,,
45.7580114,4.8607944,Chantier Voie L - Partie Sud,construction,,,
45.7743021,4.8124531,,forest,,,
45.7742822,4.8128679,,grass,,,
45.7645082,4.8539877,,village_green,,,
45.7683871,4.8368940,,grass,,,
45.7640127,4.8498032,,village_green,,,
45.7631106,4.7987776,,grass,,,
45.7642975,4.8161006,,grass,,,
45.7545918,4.8624444,,grass,,,
45.7797880,4.8661831,,grass,,,
45.7305755,4.8666643,,grass,,,
45.7340337,4.8639716,,grass,,,
45.7380153,4.8608652,,grass,,,
45.7322759,4.8653416,,grass,,,
45.7315856,4.8658791,,grass,,,
45.7319276,4.8656119,,grass,,,
45.7357892,4.8625972,,grass,,,
45.7643256,4.8534985,,village_green,,,
45.7744056,4.8062526,,brownfield,,,
45.7755947,4.8612335,,recreation_ground,,,
45.7800333,4.8265887,,grass,,,
45.7799614,4.8269581,,grass,,,
45.7798945,4.8268635,,grass,,,
45.7423542,4.8301060,,grass,,,
45.7422875,4.8301445,,grass,,,
45.7421973,4.8298256,,grass,,,
45.7422648,4.8297858,,grass,,,
45.7420323,4.8304357,,grass,,,
45.7421117,4.8296355,,grass,,,
45.7420912,4.8297429,,grass,,,
45.7420117,4.8305423,,grass,,,
45.7422463,4.8302927,,grass,,,
45.7418161,4.8298566,,grass,,,
45.7423055,4.8303212,,grass,,,
45.7418774,4.8298853,,grass,,,
45.7561843,4.8221423,,grass,,,
45.7724459,4.8001595,,grass,,,
45.7430934,4.8573340,,grass,,,
45.7517143,4.8398245,,grass,,,
45.7488999,4.8466696,,grass,,,
45.7454800,4.8480451,,grass,,,
45.7455551,4.8480909,,grass,,,
45.7470898,4.8478292,,grass,,,
45.7470131,4.8505119,,commercial,,,
45.7456880,4.8410174,,grass,,,
45.7457701,4.8407703,,grass,,,
45.7450049,4.8472774,Jardin de Camille,allotments,,,
45.7622444,4.8195945,,orchard,,,
45.7590641,4.8146918,Section Les Coquelicots,allotments,,,
45.7624145,4.8050287,,allotments,,,
45.7667185,4.8213132,,,,cliff,
45.7742307,4.8333065,,recreation_ground,,,
45.7422532,4.8432714,,grass,,,
45.7428133,4.8422141,,grass,,,
45.7419826,4.8440194,,grass,,,
45.7393692,4.8430667,,grass,,,
45.7391174,4.8428908,,grass,,,
45.7414843,4.8447410,,grass,,,
45.7395139,4.8450417,,grass,,,
45.7375547,4.8404587,,brownfield,,,
45.7375691,4.8427591,,construction,,,
45.7604683,4.8637568,Le Forum,residential,,,
45.7351240,4.8387344,,grass,,,
45.7348504,4.8392338,,commercial,,,
45.7357389,4.8398188,,grass,,,
45.7331172,4.8446789,Caserne de la Mouche et 7e RMAT Sabatier,military,,,
45.7345005,4.8397619,,grass,,,
45.7347691,4.8397283,,grass,,,
45.7523330,4.8571541,,,,water,
45.7361298,4.8161292,,railway,,,
45.7449133,4.8440667,,grass,,,
45.7329764,4.8408121,PUP FAGOR - CANOPEA,construction,,,
45.7645215,4.8102191,,village_green,,,
45.7453644,4.8484558,,grass,,,
45.7715649,4.8089257,,orchard,,,
45.7623497,4.8093801,,forest,,,
45.7694023,4.8078412,,forest,,,
45.7645152,4.8075382,,forest,,,
45.7624778,4.8098333,,residential,,,
45.7706840,4.8072068,,residential,,,
45.7694144,4.8119099,,forest,,,
45.7606277,4.8101282,,allotments,,,
45.7601859,4.8090043,,allotments,,,
45.7756467,4.7969206,,retail,,,
45.7758255,4.8621761,Centre commercial les Samouraïs,commercial,,,
45.7686732,4.8169375,,,,cliff,
45.7690889,4.8171548,,,,cliff,
45.7618794,4.8610292,,construction,,,
45.7364078,4.8628137,,grass,,,
45.7361394,4.8626736,,grass,,,
45.7369126,4.8637589,,grass,,,
45.7691872,4.8265843,,,,cliff,
45.7691499,4.8259802,,,,cliff,
45.7571830,4.8312264,,,,water,
45.7507853,4.8277807,,grass,,,
45.7512085,4.8273582,,grass,,,
45.7506820,4.8274145,,grass,,,
45.7505063,4.8373299,,grass,,,
45.7507713,4.8375756,,grass,,,
45.7510979,4.8379756,,,,water,
45.7501377,4.8372647,,,,water,
45.7506602,4.8378772,,grass,,,
45.7503659,4.8376648,,grass,,,
45.7506803,4.8376038,,grass,,,
45.7505388,4.8377408,,,,water,
45.7505334,4.8375183,,grass,,,
45.7500474,4.8371948,,grass,,,
45.7500564,4.8372854,,grass,,,
45.7501130,4.8371611,,grass,,,
45.7501098,4.8372413,,grass,,,
45.7511761,4.8378320,,grass,,,
45.7510140,4.8377039,,grass,,,
45.7510556,4.8381453,,grass,,,
45.7508881,4.8380281,,grass,,,
45.7508848,4.8363898,,grass,,,
45.7511481,4.8365955,,grass,,,
45.7510879,4.8368636,,grass,,,
45.7508623,4.8367278,,grass,,,
45.7510398,4.8366913,,grass,,,
45.7508258,4.8367278,,grass,,,
45.7509813,4.8368493,,grass,,,
45.7509626,4.8368031,,grass,,,
45.7508867,4.8365713,,grass,,,
45.7508985,4.8366141,,grass,,,
45.7510011,4.8366928,,grass,,,
45.7507590,4.8365992,,grass,,,
45.7509851,4.8370934,,grass,,,
45.7506774,4.8368516,,grass,,,
45.7660671,4.8450250,,basin,,,
45.7686254,4.8417896,,grass,,,
45.7684041,4.8420911,,grass,,,
45.7686607,4.8420464,,grass,,,
45.7684918,4.8417531,,grass,,,
45.7685311,4.8420611,,,,water,
45.7685915,4.8424864,,grass,,,
45.7686644,4.8423876,,grass,,,
45.7684005,4.8418393,,grass,,,
45.7684433,4.8424362,,grass,,,
45.7713272,4.8436061,,grass,,,
45.7714964,4.8435792,,grass,,,
45.7715816,4.8438700,,grass,,,
45.7714470,4.8439099,,grass,,,
45.7711747,4.8439956,,grass,,,
45.7717157,4.8439066,,grass,,,
45.7713035,4.8439378,,grass,,,
45.7418698,4.8151413,,,,water,
45.7419823,4.8146800,,grass,,,
45.7321885,4.8362623,,recreation_ground,,,
45.7536605,4.8678950,,grass,,,
45.7535293,4.8681305,,grass,,,
45.7534144,4.8683366,,grass,,,
45.7533138,4.8685173,,grass,,,
45.7538974,4.8674698,,grass,,,
45.7442835,4.8710459,,flowerbed,,,
45.7544067,4.8105612,Résidence universitaire André Allix,residential,,,
45.7752013,4.8383523,Jardin partagé Bonachoux,allotments,,,
45.7763964,4.8148099,République des Canuts,vineyard,,,
45.7596985,4.8635232,,grass,,,
45.7597691,4.8635829,,grass,,,
45.7798520,4.8067065,,grass,,,
45.7521854,4.8429129,"Mazagran, le jardin partagé",allotments,,,
45.7765973,4.8763460,Le Jardin d'Yvonne,allotments,,,
45.7794905,4.8400260,Jardin Saint-Eucher,recreation_ground,,,
45.7423095,4.8771265,,village_green,,,
45.7353649,4.8293258,Casa Bella,residential,,,
45.7363546,4.8300818,,grass,,,
45.7351949,4.8277345,,grass,,,
45.7307414,4.8673464,,construction,,,
45.7799583,4.8735607,,grass,,,
45.7494784,4.8529605,,grass,,,
45.7350587,4.8578959,Villa Nova,residential,,,
45.7500790,4.8749300,Square Jean-Baptiste Guillot Fils,village_green,,,
45.7486495,4.8267435,,grass,,,
45.7487936,4.8268061,,grass,,,
45.7751295,4.8303736,,basin,,,
45.7750861,4.8304028,,basin,,,
45.7751604,4.8303673,,basin,,,
45.7356093,4.8536983,,grass,,,
45.7362866,4.8531661,,grass,,,
45.7361612,4.8531795,,grass,,,
45.7437245,4.8018864,,allotments,,,
45.7438216,4.8040099,,allotments,,,
45.7800294,4.8214300,,grass,,,
45.7797791,4.8218075,,grass,,,
45.7575789,4.8778101,,residential,,,
45.7520758,4.8427420,,grass,,,
45.7519930,4.8428041,,grass,,,
45.7521229,4.8432076,,grass,,,
45.7517865,4.8424061,,grass,,,
45.7518457,4.8427942,,grass,,,
45.7519477,4.8427161,,grass,,,
45.7520863,4.8433386,,grass,,,
45.7519434,4.8428864,,grass,,,
45.7520070,4.8430268,,grass,,,
45.7520710,4.8431330,,grass,,,
45.7521756,4.8429075,,grass,,,
45.7517809,4.8425736,,grass,,,
45.7370572,4.8299330,,grass,,,
45.7375184,4.8294679,,grass,,,
45.7557184,4.8273471,,village_green,,,
45.7416347,4.8617504,,grass,,,
45.7579485,4.8709642,Cité scolaire Lacassagne,education,,,
45.7406729,4.8147693,,,,water,
45.7407927,4.8144406,,grass,,,
45.7761535,4.8783781,Ancienne usine Auto Châssis International,brownfield,,,
45.7682987,4.8706406,Unité de Transport Nord - Dépôt TCL d'Alsace,industrial,,,
45.7790198,4.8756998,,industrial,,,
45.7464751,4.8034221,,forest,,,
45.7512007,4.8197665,,commercial,,,
45.7326077,4.8050147,,forest,,,
45.7353605,4.8075199,,forest,,,
45.7437762,4.8115474,,allotments,,,
45.7485490,4.8166619,,residential,,,
45.7691868,4.8023447,,industrial,,,
45.7676958,4.7985755,,industrial,,,
45.7787842,4.7985097,,industrial,,,
45.7797080,4.8011373,,residential,,,
45.7808750,4.8064097,,residential,,,
45.7702917,4.7993552,,industrial,,,
45.7740863,4.8712873,,industrial,,,
45.7400803,4.8499359,,industrial,,,
45.7770934,4.8707139,,industrial,,,
45.7338177,4.8554056,,construction,,,
45.7733643,4.8748404,,industrial,,,
45.7668633,4.8736621,,industrial,,,
45.7367160,4.8794110,,industrial,,,
45.7349482,4.8597260,,industrial,,,
45.7342775,4.8692266,,industrial,,,
45.7715182,4.8756101,,industrial,,,
45.7757582,4.8758578,,industrial,,,
45.7403779,4.8429049,,industrial,,,
45.7508572,4.8729343,,grass,,,
45.7507450,4.8731966,,grass,,,
45.7506564,4.8734009,,grass,,,
45.7757792,4.8572853,Roseraie Historique,plant_nursery,,,
45.7738701,4.8576103,Zone Technique Espaces Verts,industrial,,,
45.7354901,4.8414325,,industrial,,,
45.7262958,4.8394490,,industrial,,,
45.7365384,4.8325437,,residential,,,
45.7555429,4.8137716,Le Secret d’Irénée,allotments,,,
45.7538197,4.8150723,,meadow,,,
45.7707160,4.8034785,,industrial,,,
45.7386111,4.8351251,,grass,,,
45.7386801,4.8348591,,grass,,,
45.7404240,4.8342710,,residential,,,
45.7344204,4.8326991,,grass,,,
45.7344338,4.8331137,,grass,,,
45.7344565,4.8335590,,grass,,,
45.7344661,4.8340127,,grass,,,
45.7591951,4.8007735,Parc de la roseraie,residential,,,
45.7700058,4.8050543,,grass,,,
45.7701670,4.8046675,,grass,,,
45.7695952,4.8051719,,grass,,,
45.7550847,4.8651783,,construction,,,
45.7627498,4.8582031,,village_green,,,
45.7632421,4.8581664,,grass,,,
45.7630516,4.8586778,,grass,,,
45.7685717,4.8583563,,village_green,,,
45.7754468,4.8336438,,residential,,,
45.7805503,4.8466186,,grass,,,
45.7632541,4.8612102,Emergence Lafayette,construction,,,
45.7649169,4.8641257,,grass,,,
45.7647561,4.8642121,,grass,,,
45.7647469,4.8624798,,grass,,,
45.7640375,4.8631673,,grass,,,
45.7646831,4.8631952,,grass,,,
45.7650043,4.8640302,,grass,,,
45.7431416,4.8149562,,grass,,,
45.7540346,4.8713346,,village_green,,,
45.7721233,4.8413020,Espace Élisabeth George-Schmitt,grass,,,
45.7722299,4.8412610,Espace Élisabeth George-Schmitt,grass,,,
45.7350201,4.8794540,,grass,,,
45.7668494,4.8337236,,grass,,,
45.7668283,4.8335383,,grass,,,
45.7669551,4.8337061,,grass,,,
45.7669341,4.8335172,,grass,,,
45.7667435,4.8337445,,grass,,,
45.7667223,4.8335577,,grass,,,
45.7472915,4.8392795,,village_green,,,
45.7617563,4.8368498,,grass,,,
45.7472546,4.8781062,,construction,,,
45.7700683,4.8233254,,meadow,,,
45.7743955,4.8595051,Jardinerie de Botanic,retail,,,
45.7409868,4.8331062,Natural Square,residential,,,
45.7397310,4.8364717,,grass,,,
45.7471678,4.8259836,,grass,,,
45.7472571,4.8257707,,grass,,,
45.7472370,4.8260440,,grass,,,
45.7473226,4.8258143,,grass,,,
45.7473873,4.8258901,,grass,,,
45.7472941,4.8261031,,grass,,,
45.7696738,4.8013153,,construction,,,
45.7634391,4.8583888,,village_green,,,
45.7634652,4.8581561,,village_green,,,
45.7633397,4.8576495,,village_green,,,
45.7772770,4.8591413,,railway,,,
45.7480590,4.8770274,,,,water,
45.7462754,4.8171934,Le Jardin Quai Rambaud,allotments,,,
45.8007803,4.8597274,,residential,,,
45.7550602,4.8758684,,village_green,,,
45.7481170,4.8767273,,village_green,,,
45.7482197,4.8766056,,village_green,,,
45.7480737,4.8765916,,village_green,,,
45.7480484,4.8765052,,village_green,,,
45.7482169,4.8762632,,village_green,,,
45.7482433,4.8761384,,village_green,,,
45.7482805,4.8762511,,village_green,,,
45.7482991,4.8763745,,village_green,,,
45.7483579,4.8761893,,village_green,,,
45.7484089,4.8756593,,village_green,,,
45.7482969,4.8756144,,village_green,,,
45.7654877,4.8016496,Jardins ouvriers SNCF,allotments,,,
45.7366057,4.8564070,,,,water,
45.7693132,4.8052577,,construction,,,
45.7755997,4.8649891,Potakin,allotments,,,
45.7800826,4.8690576,,grass,,,
45.7792808,4.8703670,,grass,,,
45.7557171,4.8661050,Résidence la Florentine,residential,,,
45.7624912,4.8217609,,construction,,,
45.7760023,4.8060301,Le jardin de Pierrette,allotments,,,
45.7782380,4.8064130,,construction,,,
45.7570298,4.8779249,Jardin des Élements,residential,,,
45.7740548,4.8568672,,,,water,
45.7627497,4.8019330,,retail,,,
45.7730165,4.8378024,,grass,,,
45.7588654,4.8242225,,grass,,,
45.7436655,4.8632584,,construction,,,
45.7745424,4.8341095,,grass,,,
45.7415243,4.8369897,Chantier Pré Gaudry,construction,,,
45.7524202,4.8382163,,grass,,,
45.7527234,4.8380133,,grass,,,
45.7525656,4.8378800,,grass,,,
45.7300819,4.8181668,,grass,,,
45.7307783,4.8182674,,grass,,,
45.7313676,4.8183486,,grass,,,
45.7315812,4.8181090,,grass,,,
45.7310962,4.8181163,,grass,,,
45.7316423,4.8179909,,grass,,,
45.7320611,4.8251262,,,concrete,,
45.7320856,4.8254696,,grass,,,
45.7321106,4.8248019,,grass,,,
45.7322436,4.8245022,,grass,,,
45.7495613,4.8482885,,grass,,,
45.7495657,4.8481060,,grass,,,
45.7495738,4.8482676,,grass,,,
45.7495968,4.8481160,,grass,,,
45.7495849,4.8481800,,grass,,,
45.7559563,4.8359342,,grass,,,
45.7573034,4.8228237,,grass,,,
45.7461962,4.8189863,Caserne Général de Division Delfosse,military,,,
45.7495594,4.8506413,,grass,,,
45.7494618,4.8505765,,grass,,,
45.7601110,4.8587771,Création du PEM Lyon Part-Dieu et de la tour To-Lyon,construction,,,
45.7588348,4.8588467,,construction,,,
45.7562295,4.8610332,,construction,,,
45.7597158,4.8570721,Base vie chantier tunnel Vivier-Merle,construction,,,
45.7380720,4.8205486,,construction,,,
45.7386218,4.8191426,,brownfield,,,
45.7674123,4.8693883,,industrial,,,
45.7569831,4.8627277,,village_green,,,
45.7583161,4.8367496,Les Halles du Grand Hôtel-Dieu,retail,,,
45.7750558,4.8160913,,grass,,,
45.7748434,4.8168806,,grass,,,
45.7753899,4.8172183,,grass,,,
45.7759388,4.8155066,,meadow,,,
45.7395654,4.8348167,,residential,,,
45.7398269,4.8350020,,residential,,,
45.7395389,4.8352194,,residential,,,
45.7767796,4.8763423,,highway,,,
45.7767234,4.8758568,,highway,,,
45.7766812,4.8753845,,highway,,,
45.7768269,4.8756932,,grass,,,
45.7768095,4.8752701,,grass,,,
45.7766568,4.8749414,,highway,,,
45.7766211,4.8746299,,highway,,,
45.7765845,4.8743096,,highway,,,
45.7767959,4.8743264,,grass,,,
45.7764148,4.8731490,,highway,,,
45.7765137,4.8738306,,highway,,,
45.7764636,4.8734867,,highway,,,
45.7763262,4.8725437,,highway,,,
45.7762734,4.8721772,,highway,,,
45.7763793,4.8729098,,highway,,,
45.7759785,4.8708799,,highway,,,
45.7754191,4.8700432,,highway,,,
45.7756933,4.8704529,,highway,,,
45.7760121,4.8709300,,highway,,,
45.7696204,4.8675042,,recreation_ground,,,
45.7696686,4.8659884,,recreation_ground,,,
45.7762417,4.8496076,,grass,,,
45.7758041,4.8520587,,grass,,,
45.7750035,4.8497864,,grass,,,
45.7748380,4.8518640,,grass,,,
45.7742625,4.8519224,,grass,,,
45.7738986,4.8531449,,grass,,,
45.7741929,4.8535838,,grass,,,
45.7732185,4.8534261,,grass,,,
45.7730816,4.8540383,,grass,,,
45.7733137,4.8540333,,grass,,,
45.7732789,4.8544325,,grass,,,
45.7735469,4.8542995,,grass,,,
45.7729016,4.8543277,,grass,,,
45.7730703,4.8544917,,grass,,,
45.7732948,4.8547386,,grass,,,
45.7734233,4.8550219,,grass,,,
45.7736406,4.8550554,,grass,,,
45.7736428,4.8544887,,grass,,,
45.7738349,4.8561583,,grass,,,
45.7733794,4.8537675,,grass,,,
45.7734673,4.8533877,,grass,,,
45.7736686,4.8542036,,grass,,,
45.7738046,4.8549999,,grass,,,
45.7741630,4.8551715,,grass,,,
45.7740819,4.8559666,,grass,,,
45.7746439,4.8548533,,grass,,,
45.7746914,4.8529033,,grass,,,
45.7757749,4.8528648,,grass,,,
45.7754855,4.8532220,,grass,,,
45.7764258,4.8531680,,grass,,,
45.7770188,4.8529856,,grass,,,
45.7769129,4.8534036,,grass,,,
45.7770040,4.8536323,,grass,,,
45.7767838,4.8538266,,grass,,,
45.7766948,4.8541069,,grass,,,
45.7764422,4.8542222,,grass,,,
45.7766939,4.8544767,,grass,,,
45.7754927,4.8554851,,grass,,,
45.7760619,4.8553478,,grass,,,
45.7761489,4.8546990,,grass,,,
45.7751538,4.8560822,,grass,,,
45.7757189,4.8561314,,grass,,,
45.7762668,4.8559991,,grass,,,
45.7777206,4.8461210,,grass,,,
45.7774743,4.8492552,,grass,,,
45.7775711,4.8505327,,grass,,,
45.7777577,4.8504233,,grass,,,
45.7780565,4.8456517,,grass,,,
45.7786861,4.8464459,,grass,,,
45.7792425,4.8464244,,grass,,,
45.7799325,4.8475484,,grass,,,
45.7796081,4.8477447,,grass,,,
45.7601814,4.8547614,Reconstruction de la cité administrative,construction,,,
45.7644867,4.8497818,,grass,,,
45.7645068,4.8499795,,grass,,,
45.7646438,4.8499536,,grass,,,
45.7646250,4.8497560,,grass,,,
45.7575458,4.8781044,,residential,,,
45.7641218,4.8567141,,grass,,,
45.7625279,4.8320429,,grass,,,
45.7623127,4.8319935,,grass,,,
45.7811064,4.8144809,Les Hauts de Saône,residential,,,
45.7628980,4.8375510,,grass,,,
45.7627067,4.8374042,,grass,,,
45.7634009,4.8379433,,grass,,,
45.7632086,4.8377945,,grass,,,
45.7628172,4.8372459,,grass,,,
45.7622670,4.8370430,,grass,,,
45.7621516,4.8369587,,grass,,,
45.7620625,4.8369036,,grass,,,
45.7623358,4.8371172,,grass,,,
45.7526874,4.8553218,,grass,,,
45.7583979,4.8539583,,grass,,,
45.7580158,4.8540863,,grass,,,
45.7646800,4.8343977,,grass,,,
45.7626857,4.8529549,,grass,,,
45.7617735,4.8366842,,grass,,,
45.7671801,4.8636719,,grass,,,
45.7672310,4.8646833,,grass,,,
45.7562946,4.8519709,,grass,,,
45.7581957,4.8514983,,grass,,,
45.7796585,4.8348328,,grass,,,
45.7796498,4.8350357,,grass,,,
45.7796413,4.8352308,,grass,,,
45.7796335,4.8354152,,grass,,,
45.7796280,4.8355553,,grass,,,
45.7562079,4.7992987,,construction,,,
45.7752573,4.8301451,,grass,,,
45.7706502,4.8795906,ZAC Gratte-Ciel Nord,construction,,,
45.7386565,4.8197091,,industrial,,,
45.7761474,4.8322809,,grass,,,
45.7761486,4.8324093,,grass,,,
45.7755377,4.8347673,,grass,,,
45.7691761,4.8605057,,grass,,,
45.7692938,4.8604955,Jardin de la rue des Émeraudes,allotments,,,
45.7685772,4.8611394,,,,water,
45.7683726,4.8613418,,,,water,
45.7682767,4.8614168,,,,water,
45.7680735,4.8615429,,,,water,
45.7687262,4.8610278,,,,water,
45.7743768,4.8559059,,,,water,
45.7750980,4.8567291,,,,water,
45.7323342,4.8326593,,,,water,
45.7711292,4.8011789,,construction,,,
45.7717460,4.8028954,,construction,,,
45.7687283,4.8073810,,construction,,,
45.7375230,4.8174997,,grass,,,
45.7370602,4.8173400,,grass,,,
45.7369128,4.8176572,,grass,,,
45.7370500,4.8177606,,grass,,,
45.7367840,4.8176737,,grass,,,
45.7368704,4.8178168,,grass,,,
45.7373464,4.8179668,,grass,,,
45.7484872,4.8254830,,railway,,,
45.7481679,4.8230779,,railway,,,
45.7610906,4.8526058,,grass,,,
45.7618473,4.8524822,,grass,,,
45.7614842,4.8522734,,grass,,,
45.7624292,4.8528740,,grass,,,
45.7626389,4.8531214,,grass,,,
45.7624288,4.8531053,,grass,,,
45.7620518,4.8531906,,grass,,,
45.7619302,4.8530557,,grass,,,
45.7618730,4.8531473,,grass,,,
45.7616694,4.8533137,,grass,,,
45.7618137,4.8535967,,grass,,,
45.7573747,4.8310266,,grass,,,
45.7570332,4.8322566,,grass,,,
45.7568895,4.8327745,,grass,,,
45.7568197,4.8330329,,grass,,,
45.7567345,4.8328657,,grass,,,
45.7568478,4.8322693,,grass,,,
45.7569355,4.8318185,,grass,,,
45.7572952,4.8305726,,grass,,,
45.7573701,4.8306636,,grass,,,
45.7570647,4.8311485,,grass,,,
45.7562475,4.8339618,,grass,,,
45.7610459,4.8360342,,grass,,,
45.7609803,4.8360050,,grass,,,
45.7609115,4.8359846,,grass,,,
45.7616244,4.8224112,Projet de modernisation de Fourvière,construction,,,
45.7763030,4.8462410,,grass,,,
45.7763382,4.8460881,,grass,,,
45.7759191,4.8461809,,grass,,,
45.7758926,4.8465249,,grass,,,
45.7760368,4.8463130,,grass,,,
45.7760615,4.8464998,,,,water,
45.7760274,4.8464648,,grass,,,
45.7759506,4.8467835,,grass,,,
45.7756885,4.8470387,,grass,,,
45.7757001,4.8466955,,grass,,,
45.7754915,4.8470911,,grass,,,
45.7753995,4.8473498,,grass,,,
45.7755392,4.8473586,,grass,,,
45.7754581,4.8475152,,grass,,,
45.7753169,4.8476619,,grass,,,
45.7750747,4.8479856,,grass,,,
45.7754288,4.8481566,,grass,,,
45.7752459,4.8480134,,grass,,,
45.7749342,4.8490493,,grass,,,
45.7750809,4.8483671,,grass,,,
45.7748813,4.8489449,,grass,,,
45.7747657,4.8491858,,grass,,,
45.7747864,4.8490265,,grass,,,
45.7746920,4.8493116,,grass,,,
45.7744835,4.8497202,,grass,,,
45.7744382,4.8502959,,grass,,,
45.7744751,4.8498735,,grass,,,
45.7744090,4.8500135,,grass,,,
45.7743816,4.8507691,,grass,,,
45.7742066,4.8506075,,grass,,,
45.7743989,4.8493933,,grass,,,
45.7740167,4.8503003,,grass,,,
45.7739388,4.8504683,,grass,,,
45.7739121,4.8508264,,grass,,,
45.7738881,4.8511532,,grass,,,
45.7750844,4.8485228,,grass,,,
45.7743895,4.8487583,,grass,,,
45.7733297,4.8523658,,grass,,,
45.7729678,4.8532795,,grass,,,
45.7726991,4.8539802,,grass,,,
45.7728394,4.8532237,,grass,,,
45.7727262,4.8533052,,grass,,,
45.7728452,4.8530206,,grass,,,
45.7730252,4.8527091,,grass,,,
45.7731357,4.8525425,,grass,,,
45.7751984,4.8431781,,grass,,,
45.7755009,4.8436304,,grass,,,
45.7757608,4.8435525,,grass,,,
45.7763446,4.8444686,,grass,,,
45.7760446,4.8439477,,grass,,,
45.7761888,4.8443770,,grass,,,
45.7756043,4.8441342,,grass,,,
45.7757891,4.8446311,,grass,,,
45.7756833,4.8446508,,grass,,,
45.7755273,4.8446808,,grass,,,
45.7753667,4.8447167,,grass,,,
45.7757795,4.8452220,,grass,,,
45.7746509,4.8435049,,grass,,,
45.7749816,4.8442994,,grass,,,
45.7747914,4.8443438,,grass,,,
45.7746047,4.8443611,,grass,,,
45.7746834,4.8444650,,grass,,,
45.7746211,4.8445947,,grass,,,
45.7747152,4.8445754,,grass,,,
45.7748546,4.8445153,,grass,,,
45.7750011,4.8445100,,grass,,,
45.7748750,4.8444252,,,,water,
45.7745351,4.8440709,,grass,,,
45.7749874,4.8439835,,grass,,,
45.7747306,4.8440328,,grass,,,
45.7750786,4.8453274,,grass,,,
45.7747912,4.8459307,,grass,,,
45.7748975,4.8455457,,grass,,,
45.7746719,4.8458045,,grass,,,
45.7746803,4.8454980,,grass,,,
45.7747326,4.8452222,,grass,,,
45.7747323,4.8453124,,grass,,,
45.7752976,4.8458999,,grass,,,
45.7752770,4.8456412,,grass,,,
45.7751393,4.8468962,,grass,,,
45.7749872,4.8469212,,grass,,,
45.7748216,4.8468932,,grass,,,
45.7746761,4.8469012,,grass,,,
45.7747217,4.8466865,,grass,,,
45.7747083,4.8465399,,grass,,,
45.7746494,4.8466359,,grass,,,
45.7746121,4.8463907,,grass,,,
45.7748279,4.8473469,,grass,,,
45.7739414,4.8422735,,grass,,,
45.7740156,4.8422756,,grass,,,
45.7735280,4.8424324,,grass,,,
45.7736289,4.8424121,,grass,,,
45.7738286,4.8434677,,grass,,,
45.7742159,4.8441351,,grass,,,
45.7740725,4.8441733,,grass,,,
45.7739240,4.8442035,,grass,,,
45.7737738,4.8442090,,grass,,,
45.7735620,4.8442541,,grass,,,
45.7738077,4.8446881,,grass,,,
45.7741641,4.8446274,,grass,,,
45.7741839,4.8447349,,grass,,,
45.7740448,4.8447585,,grass,,,
45.7738263,4.8447989,,grass,,,
45.7740248,4.8456298,,grass,,,
45.7741956,4.8456641,,grass,,,
45.7741723,4.8456239,,grass,,,
45.7740315,4.8455775,,grass,,,
45.7740605,4.8456716,,grass,,,
45.7740665,4.8457562,,grass,,,
45.7740122,4.8456915,,grass,,,
45.7739447,4.8457804,,grass,,,
45.7741099,4.8458274,,grass,,,
45.7741317,4.8459095,,grass,,,
45.7743747,4.8463753,,grass,,,
45.7741907,4.8464093,,grass,,,
45.7739349,4.8464586,,grass,,,
45.7737459,4.8466343,,grass,,,
45.7737977,4.8467459,,grass,,,
45.7737598,4.8468663,,grass,,,
45.7737787,4.8470737,,grass,,,
45.7739512,4.8471297,,grass,,,
45.7740821,4.8471059,,grass,,,
45.7740151,4.8469773,,grass,,,
45.7739906,4.8468381,,grass,,,
45.7743141,4.8467175,,grass,,,
45.7743890,4.8470358,,grass,,,
45.7744697,4.8468549,,grass,,,
45.7737994,4.8473407,,grass,,,
45.7739016,4.8473219,,grass,,,
45.7741145,4.8472818,,grass,,,
45.7742257,4.8472568,,grass,,,
45.7743980,4.8475423,,grass,,,
45.7739742,4.8493638,,grass,,,
45.7730820,4.8436899,,grass,,,
45.7730281,4.8448719,,grass,,,
45.7732540,4.8447024,,grass,,,
45.7731634,4.8446156,,grass,,,
45.7732180,4.8448401,,grass,,,
45.7730563,4.8460089,,grass,,,
45.7732680,4.8457923,,grass,,,
45.7733272,4.8461964,,grass,,,
45.7734480,4.8467416,,grass,,,
45.7731946,4.8467944,,grass,,,
45.7732019,4.8470985,,grass,,,
45.7736006,4.8473840,,grass,,,
45.7734807,4.8474037,,grass,,,
45.7733613,4.8474261,,grass,,,
45.7734629,4.8477597,,grass,,,
45.7732522,4.8487957,,grass,,,
45.7735210,4.8485122,,grass,,,
45.7737070,4.8488773,,grass,,,
45.7735969,4.8488953,,grass,,,
45.7735130,4.8489107,,grass,,,
45.7733227,4.8489564,,grass,,,
45.7734646,4.8493325,,grass,,,
45.7734904,4.8502107,,grass,,,
45.7731596,4.8502669,,grass,,,
45.7730722,4.8493398,,grass,,,
45.7730052,4.8486094,,grass,,,
45.7729329,4.8478399,,grass,,,
45.7728562,4.8469980,,grass,,,
45.7727572,4.8459488,,grass,,,
45.7726541,4.8448158,,grass,,,
45.7725505,4.8437187,,grass,,,
45.7724477,4.8426045,,grass,,,
45.7723705,4.8417603,,grass,,,
45.7801823,4.8470907,,grass,,,
45.7716298,4.8417725,,grass,,,
45.7720146,4.8418275,,grass,,,
45.7716484,4.8412819,,grass,,,
45.7709702,4.8419906,,grass,,,
45.7700704,4.8421370,,grass,,,
45.7716463,4.8426288,,grass,,,
45.7710974,4.8427918,,grass,,,
45.7709355,4.8428547,,grass,,,
45.7723489,4.8448480,,grass,,,
45.7721275,4.8448892,,grass,,,
45.7710347,4.8454002,,grass,,,
45.7708739,4.8453331,,grass,,,
45.7708826,4.8451357,,grass,,,
45.7702668,4.8452735,,grass,,,
45.7697699,4.8457183,,grass,,,
45.7693748,4.8453420,,grass,,,
45.7719338,4.8460314,,grass,,,
45.7719122,4.8463835,,grass,,,
45.7721777,4.8463295,,grass,,,
45.7722883,4.8460846,,grass,,,
45.7713664,4.8463912,,grass,,,
45.7711151,4.8460790,,grass,,,
45.7699671,4.8460964,,grass,,,
45.7694537,4.8463968,,grass,,,
45.7724499,4.8470515,,grass,,,
45.7724716,4.8471670,,grass,,,
45.7720549,4.8474514,,grass,,,
45.7724442,4.8479368,,grass,,,
45.7722187,4.8489819,,grass,,,
45.7728025,4.8490507,,grass,,,
45.7725666,4.8490946,,grass,,,
45.7727432,4.8493321,,grass,,,
45.7723625,4.8494500,,grass,,,
45.7721987,4.8495568,,grass,,,
45.7721847,4.8494064,,grass,,,
45.7714999,4.8471973,,grass,,,
45.7714646,4.8473391,,grass,,,
45.7714044,4.8473182,,grass,,,
45.7715114,4.8475991,,grass,,,
45.7715654,4.8478021,,grass,,,
45.7715649,4.8480166,,grass,,,
45.7714169,4.8481211,,grass,,,
45.7717532,4.8486614,,grass,,,
45.7714695,4.8496172,,grass,,,
45.7707650,4.8472431,,grass,,,
45.7704086,4.8480493,,grass,,,
45.7702161,4.8479988,,grass,,,
45.7703102,4.8484897,,grass,,,
45.7699943,4.8485262,,grass,,,
45.7700093,4.8486781,,grass,,,
45.7707391,4.8491272,,grass,,,
45.7707915,4.8496295,,grass,,,
45.7703946,4.8493308,,grass,,,
45.7701328,4.8497230,,grass,,,
45.7701200,4.8495838,,grass,,,
45.7700992,4.8494991,,grass,,,
45.7703388,4.8499209,,grass,,,
45.7705611,4.8498794,,grass,,,
45.7696641,4.8484181,,grass,,,
45.7693848,4.8477603,,grass,,,
45.7696063,4.8474709,,grass,,,
45.7725674,4.8502968,,grass,,,
45.7724929,4.8516094,,grass,,,
45.7724473,4.8513048,,grass,,,
45.7722487,4.8516585,,grass,,,
45.7729895,4.8518495,,grass,,,
45.7715898,4.8502520,,grass,,,
45.7717654,4.8503020,,grass,,,
45.7716567,4.8503206,,grass,,,
45.7715199,4.8503460,,grass,,,
45.7713775,4.8503365,,grass,,,
45.7718327,4.8505081,,grass,,,
45.7718421,4.8506927,,grass,,,
45.7717339,4.8505309,,grass,,,
45.7717597,4.8507532,,grass,,,
45.7715355,4.8507016,,grass,,,
45.7715341,4.8505573,,grass,,,
45.7714248,4.8510789,,grass,,,
45.7714451,4.8513220,,grass,,,
45.7714676,4.8515914,,grass,,,
45.7714951,4.8517999,,grass,,,
45.7718133,4.8523745,,grass,,,
45.7719991,4.8529526,,grass,,,
45.7716866,4.8530865,,grass,,,
45.7719230,4.8534279,,grass,,,
45.7721035,4.8536510,,grass,,,
45.7720300,4.8536635,,grass,,,
45.7717465,4.8538967,,grass,,,
45.7718923,4.8542815,,grass,,,
45.7538826,4.8091777,,grass,,,
45.7542143,4.8089014,,grass,,,
45.7478935,4.8768497,,village_green,,,
45.7476783,4.8774501,,village_green,,,
45.7477361,4.8772853,,village_green,,,
45.7478105,4.8770631,,village_green,,,
45.7447462,4.8523079,,brownfield,,,
45.7459587,4.8541931,,brownfield,,,
45.7441455,4.8537422,,brownfield,,,
45.7449039,4.8542257,,grass,,,
45.7445423,4.8548148,,grass,,,
45.7437001,4.8548111,,grass,,,
45.7442095,4.8552328,,grass,,,
45.7445036,4.8560271,,grass,,,
45.7435319,4.8553579,,grass,,,
45.7438765,4.8555594,,grass,,,
45.7442324,4.8561488,,grass,,,
45.7435646,4.8559802,,grass,,,
45.7793705,4.8318325,,construction,,,
45.7672647,4.8582449,,grass,,,
45.7672640,4.8583491,,grass,,,
45.7672704,4.8587048,,grass,,,
45.7672697,4.8588039,,grass,,,
45.7672731,4.8589244,,grass,,,
45.7672573,4.8576910,,grass,,,
45.7671792,4.8575919,,grass,,,
45.7672601,4.8579684,,grass,,,
45.7672601,4.8578716,,grass,,,
45.7671122,4.8579765,,grass,,,
45.7671986,4.8589263,,grass,,,
45.7671256,4.8589300,,grass,,,
45.7671962,4.8588077,,grass,,,
45.7671226,4.8588090,,grass,,,
45.7671882,4.8582494,,grass,,,
45.7671946,4.8587051,,grass,,,
45.7671193,4.8587091,,grass,,,
45.7671881,4.8581589,,grass,,,
45.7671143,4.8582551,,grass,,,
45.7671134,4.8583581,,grass,,,
45.7483280,4.8221516,,grass,,,
45.7487087,4.8223639,,grass,,,
45.7485829,4.8216226,,grass,,,
45.7485401,4.8215563,,grass,,,
45.7485355,4.8216913,,grass,,,
45.7485033,4.8216451,,grass,,,
45.7481190,4.8218102,Ancienne barre Suchet,brownfield,,,
45.7411416,4.8232862,Projet « Sollys »,construction,,,
45.7416465,4.8221272,Projet « Sollys »,construction,,,
45.7364913,4.8337382,,grass,,,
45.7365252,4.8335282,,grass,,,
45.7365539,4.8333550,,grass,,,
45.7366098,4.8329983,,grass,,,
45.7365839,4.8331818,,grass,,,
45.7366073,4.8336514,,grass,,,
45.7366481,4.8334784,,grass,,,
45.7366713,4.8333014,,grass,,,
45.7366937,4.8331009,,grass,,,
45.7550047,4.8667229,Chantier WakeUp,construction,,,
45.7718709,4.8670471,,grass,,,
45.7720981,4.8669240,,grass,,,
45.7720225,4.8669732,,grass,,,
45.7719091,4.8667363,,grass,,,
45.7537814,4.8676780,,grass,,,
45.7593484,4.8573224,,grass,,,
45.7383653,4.8199441,,grass,,,
45.7451928,4.8264080,,construction,,,
45.7403610,4.8156373,,grass,,,
45.7406188,4.8158592,,grass,,,
45.7401195,4.8154359,,grass,,,
45.7615361,4.8593208,Base-vie du chantier de la gare SNCF,construction,,,
45.7361638,4.8409115,GS Ginkgo,construction,,,
45.7735464,4.8211918,,grass,,,
45.7733462,4.8212234,,grass,,,
45.7731543,4.8210454,,flowerbed,,,
45.7731189,4.8208654,,flowerbed,,,
45.7730449,4.8205848,,flowerbed,,,
45.7731907,4.8204858,,flowerbed,,,
45.7731959,4.8206492,,flowerbed,,,
45.7733156,4.8204811,,flowerbed,,,
45.7733403,4.8206754,,grass,,,
45.7547708,4.8557322,,construction,,,
45.7439078,4.8369359,,construction,,,
45.7588682,4.8769810,,grass,,,
45.7605237,4.8339096,,grass,,,
45.7606396,4.8338194,,grass,,,
45.7603724,4.8339085,,grass,,,
45.7603355,4.8337288,,grass,,,
45.7331282,4.8519170,,construction,,,
45.7544965,4.8702646,La Métallurgie,construction,,,
45.7387552,4.8275149,Résonances 2,residential,,,
45.7392933,4.8270595,Résonances,residential,,,
45.7617252,4.8574618,,construction,,,
45.7746615,4.8377827,,greenfield,,,
45.7654410,4.8382561,,grass,,,
45.7652685,4.8382612,,grass,,,
45.7657841,4.8382395,,grass,,,
45.7687026,4.8380370,,grass,,,
45.7683906,4.8380511,,grass,,,
45.7638354,4.8383306,,grass,,,
45.7669656,4.8381390,,grass,,,
45.7679507,4.8380830,,grass,,,
45.7572075,4.8253432,,flowerbed,,,
45.7488704,4.8292803,,grass,,,
45.7486779,4.8299310,,grass,,,
45.7487674,4.8299994,,grass,,,
45.7499967,4.8317051,,grass,,,
45.7501700,4.8317154,,grass,,,
45.7505576,4.8320812,,grass,,,
45.7505855,4.8320003,,grass,,,
45.7542435,4.8345972,,grass,,,
45.7551929,4.8352028,,grass,,,
45.7563667,4.8359013,,grass,,,
45.7571008,4.8363745,,grass,,,
45.7567546,4.8361390,,grass,,,
45.7394519,4.8200965,Projet « Albizzia »,construction,,,
45.7385994,4.8148648,,,,water,
45.7341949,4.8156502,,grass,,,
45.7339638,4.8156980,,grass,,,
45.7351810,4.8156032,,grass,,,
45.7349659,4.8154861,,grass,,,
45.7396090,4.8143652,,grass,,,
45.7498318,4.8212889,,grass,,,
45.7494221,4.8207482,,grass,,,
45.7487053,4.8196829,,grass,,,
45.7480044,4.8187986,,grass,,,
45.7465873,4.8172490,,grass,,,
45.7454739,4.8163749,,grass,,,
45.7456130,4.8161743,,grass,,,
45.7456594,4.8160055,,grass,,,
45.7454219,4.8235710,,grass,,,
45.7451301,4.8231996,,grass,,,
45.7446654,4.8231263,,grass,,,
45.7452349,4.8234714,,grass,,,
45.7450896,4.8236880,,grass,,,
45.7448347,4.8238927,,grass,,,
45.7449013,4.8231554,,grass,,,
45.7448158,4.8234867,,grass,,,
45.7635634,4.8155470,,recreation_ground,,,
45.7426026,4.8189833,,railway,,,
45.7436635,4.8199572,,railway,,,
45.7447674,4.8208920,,railway,,,
45.7457297,4.8217177,,railway,,,
45.7467841,4.8224165,,railway,,,
45.7478842,4.8235664,,grass,,,
45.7483811,4.8235636,,grass,,,
45.7338681,4.8173020,,greenfield,,,
45.7621929,4.8594060,,construction,,,
45.7543510,4.8714983,,village_green,,,
45.7543307,4.8713263,,village_green,,,
45.7542986,4.8711984,,village_green,,,
45.7541167,4.8714661,,village_green,,,
45.7556644,4.8663519,,basin,,,
45.7571118,4.8767452,Résidence Eole,construction,,,
45.7562160,4.8479430,,grass,,,
45.7564998,4.8480174,,grass,,,
45.7565167,4.8481153,,grass,,,
45.7563480,4.8480810,,grass,,,
45.7563459,4.8478988,,grass,,,
45.7564931,4.8479026,,grass,,,
45.7708794,4.8305085,,grass,,,
45.7707616,4.8300376,,grass,,,
45.7704696,4.8300200,,grass,,,
45.7704555,4.8305594,,grass,,,
45.7705244,4.8307791,,grass,,,
45.7796418,4.8721430,,grass,,,
45.7799562,4.8720190,,grass,,,
45.7624846,4.8781269,,flowerbed,,,
45.7663285,4.8791412,,flowerbed,,,
45.7663354,4.8794017,,flowerbed,,,
45.7663448,4.8797659,,flowerbed,,,
45.7663513,4.8800205,,flowerbed,,,
45.7662572,4.8797933,,flowerbed,,,
45.7662400,4.8791167,,flowerbed,,,
45.7662441,4.8792881,,flowerbed,,,
45.7662491,4.8794651,,flowerbed,,,
45.7663251,4.8790037,,flowerbed,,,
45.7662369,4.8790080,,flowerbed,,,
45.7642433,4.8779865,,grass,,,
45.7640801,4.8780335,,grass,,,
45.7639348,4.8780362,,grass,,,
45.7636845,4.8780385,,grass,,,
45.7634521,4.8780784,,grass,,,
45.7633060,4.8780453,,grass,,,
45.7631990,4.8780699,,grass,,,
45.7579952,4.8799745,,grass,,,
45.7587249,4.8774050,,grass,,,
45.7585343,4.8778846,,grass,,,
45.7582877,4.8770617,,grass,,,
45.7580625,4.8790542,,grass,,,
45.7584676,4.8786634,,grass,,,
45.7584500,4.8789028,,grass,,,
45.7583537,4.8791057,,grass,,,
45.7583081,4.8793453,,grass,,,
45.7582415,4.8795759,,grass,,,
45.7581780,4.8798186,,grass,,,
45.7592565,4.8791540,,grass,,,
45.7593839,4.8777163,,grass,,,
45.7610897,4.8754251,,grass,,,
45.7611100,4.8758601,,grass,,,
45.7606007,4.8794169,,grass,,,
45.7604512,4.8797356,,grass,,,
45.7605511,4.8793944,,grass,,,
45.7620216,4.8782534,,grass,,,
45.7621672,4.8783347,,grass,,,
45.7618581,4.8781634,,grass,,,
45.7616302,4.8780360,,grass,,,
45.7616967,4.8757993,,grass,,,
45.7616197,4.8760339,,grass,,,
45.7616957,4.8761195,,grass,,,
45.7614715,4.8754890,,grass,,,
45.7608844,4.8751314,,grass,,,
45.7610720,4.8751840,,grass,,,
45.7612707,4.8752441,,grass,,,
45.7605024,4.8797434,,grass,,,
45.7603460,4.8757501,,grass,,,
45.7623465,4.8743442,,grass,,,
45.7564091,4.8772292,,grass,,,
45.7566300,4.8778809,,grass,,,
45.7580050,4.8771144,,grass,,,
45.7581270,4.8770782,,grass,,,
45.7580729,4.8774141,,grass,,,
45.7580300,4.8776629,,grass,,,
45.7579744,4.8779689,,grass,,,
45.7579288,4.8781983,,grass,,,
45.7581132,4.8767829,,grass,,,
45.7579660,4.8768976,,grass,,,
45.7583732,4.8786417,,grass,,,
45.7588449,4.8772722,,grass,,,
45.7616864,4.8726112,,grass,,,
45.7610468,4.8739885,,grass,,,
45.7627391,4.8759019,,construction,,,
45.7624720,4.8721360,,grass,,,
45.7630994,4.8710365,Le Clos Lafayette,construction,,,
45.7633792,4.8725824,,grass,,,
45.7632862,4.8725893,,grass,,,
45.7621371,4.8779598,,grass,,,
45.7598471,4.8274353,,grass,,,
45.7597415,4.8277947,,grass,,,
45.7600696,4.8266762,,grass,,,
45.7599903,4.8269469,,grass,,,
45.7557386,4.8784602,,grass,,,
45.7560197,4.8788186,,grass,,,
45.7560819,4.8789793,,grass,,,
45.7554230,4.8800155,,grass,,,
45.7551366,4.8798163,,grass,,,
45.7551455,4.8799097,,grass,,,
45.7549206,4.8799599,,grass,,,
45.7623454,4.8630799,,grass,,,
45.7621290,4.8640792,,grass,,,
45.7625408,4.8663906,,grass,,,
45.7611534,4.8634628,,grass,,,
45.7686002,4.8288660,,grass,,,
45.7625966,4.8233115,,,,water,
45.7551335,4.8638363,Orange Lyon Lumière,commercial,,,
45.7795828,4.8219258,,grass,,,
45.7643717,4.8361140,,punice_stone,,,
45.7643349,4.8361113,,scrub;red_punice_stone,,,
45.7643013,4.8361092,,scrub;red_punice_stone,,,
45.7642843,4.8366404,,scrub;red_punice_stone,,,
45.7643183,4.8366427,,scrub;red_punice_stone,,,
45.7643562,4.8366472,,punice_stone,,,
45.7644282,4.8361866,,grass,,,
45.7644152,4.8366316,,grass,,,
45.7644504,4.8365568,,grass,,,
45.7644588,4.8362565,,grass,,,
45.7645364,4.8366818,,grass,,,
45.7645432,4.8364699,,grass,,,
45.7645549,4.8361029,,grass,,,
45.7645499,4.8362721,,grass,,,
45.7644999,4.8363860,,grass,,,
45.7644892,4.8367448,,grass,,,
45.7645116,4.8360308,,grass,,,
45.7710540,4.8361778,,railway,,,
45.7444666,4.8221236,,residential,,,
45.7498265,4.8245017,,grass,,,
45.7501956,4.8234385,,grass,,,
45.7503453,4.8233112,,grass,,,
45.7460671,4.8176316,,grass,,,
45.7470144,4.8185044,,grass,,,
45.7409889,4.8170522,,retail,,,
45.7370707,4.8155727,,grass,,,
45.7333760,4.8171225,,grass,,,
45.7706440,4.8143096,,,,cliff,
45.7733156,4.8204811,,grass,,,
45.7731907,4.8204858,,grass,,,
45.7731959,4.8206492,,grass,,,
45.7731543,4.8210454,,grass,,,
45.7731189,4.8208654,,grass,,,
45.7730449,4.8205848,,grass,,,
45.7593658,4.8300534,,grass,,,
45.7729779,4.8381191,,grass,,,
45.7731725,4.8381544,,grass,,,
45.7734342,4.8381909,,grass,,,
45.7734390,4.8379456,,grass,,,
45.7731957,4.8379231,,grass,,,
45.7729325,4.8367858,,grass,,,
45.7727637,4.8374580,,grass,,,
45.7723377,4.8380070,,grass,,,
45.7607302,4.8770155,,construction,,,
45.7617514,4.8580854,,construction,,,
45.7396264,4.8174702,,commercial,,,
45.7395546,4.8170218,,residential,,,
45.7371204,4.8154437,,commercial,,,
45.7561078,4.8591197,,commercial,,,
45.7611034,4.8611081,,commercial,,,
45.7631695,4.8589758,,commercial,,,
45.7471074,4.8796159,,brownfield,,,
45.7314674,4.8597460,,grass,,,
45.7315650,4.8598918,,grass,,,
45.7316605,4.8600388,,grass,,,
45.7314123,4.8601242,,grass,,,
45.7315758,4.8603343,,grass,,,
45.7317060,4.8604892,,grass,,,
45.7323239,4.8602878,,construction,,,
45.7319717,4.8604710,,grass,,,
45.7337266,4.8599768,,brownfield,,,
45.7312746,4.8351715,,flowerbed,,,
45.7311910,4.8353145,,flowerbed,,,
45.7311581,4.8351223,,flowerbed,,,
45.7313093,4.8346560,,flowerbed,,,
45.7572878,4.8715990,Little wood,construction,,,
45.7540149,4.8687482,,village_green,,,
45.7539130,4.8718699,,village_green,,,
45.7543269,4.8717724,,village_green,,,
45.7540853,4.8718315,,village_green,,,
45.7556974,4.8767250,,village_green,,,
45.7556015,4.8764347,,village_green,,,
45.7557548,4.8018130,,construction,,,
45.7429784,4.8792169,,flowerbed,,,
45.7431764,4.8789343,,flowerbed,,,
45.7427880,4.8785950,,flowerbed,,,
45.7427017,4.8788323,,flowerbed,,,
45.7409009,4.8754427,,grass,,,
45.7408329,4.8754917,,grass,,,
45.7406301,4.8750403,,grass,,,
45.7405617,4.8750975,,grass,,,
45.7783530,4.8004135,,construction,,,
45.7660088,4.8097471,,forest,,,
45.7656664,4.8123721,,forest,,,
45.7628594,4.8541847,,commercial,,,
45.7610989,4.8557546,,retail,,,
45.7377227,4.8365263,,grass,,,
45.7376369,4.8365543,,grass,,,
45.7375280,4.8366793,,grass,,,
45.7375737,4.8364887,,grass,,,
45.7376251,4.8362723,,grass,,,
45.7376733,4.8360613,,grass,,,
45.7377683,4.8359942,,grass,,,
45.7378017,4.8358521,,grass,,,
45.7379023,4.8354226,,grass,,,
45.7380030,4.8349904,,grass,,,
45.7379724,4.8354612,,grass,,,
45.7378072,4.8354897,,grass,,,
45.7378593,4.8352701,,grass,,,
45.7379029,4.8350810,,grass,,,
45.7687046,4.8381065,,flowerbed,,,
45.7683519,4.8381155,,flowerbed,,,
45.7689606,4.8375968,,flowerbed,,,
45.7574886,4.8785225,,,,water,
45.7573689,4.8785633,,,,water,
45.7694152,4.8301817,,flowerbed,,,
45.7341578,4.8773798,,brownfield,,,
45.7582039,4.8540028,,grass,,,
45.7741379,4.8234487,,flowerbed,,,
45.7405545,4.8587967,,grass,,,
45.7411892,4.8583112,,grass,,,
45.7485447,4.8606349,,grass,,,
45.7485720,4.8604490,,grass,,,
45.7486613,4.8604703,,grass,,,
45.7486284,4.8606744,,grass,,,
45.7485497,4.8607415,,flowerbed,,,
45.7484205,4.8605021,,grass,,,
45.7484277,4.8604030,,grass,,,
45.7484357,4.8604373,,grass,,,
45.7488360,4.8610822,,grass,,,
45.7484012,4.8605612,,grass,,,
45.7483759,4.8605791,,grass,,,
45.7477234,4.8602998,,grass,,,
45.7477899,4.8603173,,flowerbed,,,
45.7476350,4.8601174,,grass,,,
45.7475446,4.8601574,,grass,,,
45.7475242,4.8603278,,grass,,,
45.7474557,4.8602206,,grass,,,
45.7531470,4.8668720,,grass,,,
45.7536652,4.8646672,,grass,,,
45.7339716,4.8306385,Le Clos des Loges,residential,,,
45.7714562,4.8591198,,grass,,,
45.7712476,4.8592010,,grass,,,
45.7709744,4.8592935,,grass,,,
45.7708959,4.8593874,,grass,,,
45.7714721,4.8590783,,grass,,,
45.7777648,4.8131034,,orchard,,,
45.7781662,4.8721644,,grass,,,
45.7782644,4.8388965,,vineyard,,,
45.7772447,4.8470144,,grass,,,
45.7774498,4.8470438,,grass,,,
45.7773706,4.8483680,,grass,,,
45.7775323,4.8485552,,grass,,,
45.7765284,4.8475706,,grass,,,
45.7774506,4.8456901,,flowerbed,,,
45.7783856,4.8724401,,grass,,,
45.7389049,4.8607201,,,,water,
45.7780936,4.8279143,,flowerbed,,,
45.7603147,4.8728837,,grass,,,
45.7607936,4.8730453,,grass,,,
45.7608769,4.8733896,,grass,,,
45.7608799,4.8735826,,grass,,,
45.7610035,4.8736332,,grass,,,
45.7607157,4.8735662,,grass,,,
45.7607914,4.8737078,,grass,,,
45.7602974,4.8736410,,grass,,,
45.7566250,4.7996899,,construction,,,
45.7498340,4.8697216,,grass,,,
45.7497882,4.8699848,,grass,,,
45.7695308,4.8261516,,flowerbed,,,
45.7581203,4.8770635,,,,water,
45.7610525,4.8580113,,construction,,,
45.7577987,4.8456065,,grass,,,
45.7574888,4.8455067,,grass,,,
45.7574365,4.8458577,,grass,,,
45.7577742,4.8459264,,grass,,,
45.7313769,4.8346256,,flowerbed,,,
45.7313719,4.8349582,,flowerbed,,,
45.7313669,4.8351920,,flowerbed,,,
45.7312814,4.8348235,,flowerbed,,,
45.7313055,4.8349406,,flowerbed,,,
45.7312208,4.8349512,,flowerbed,,,
45.7312184,4.8351178,,flowerbed,,,
45.7312223,4.8351986,,grass,,,
45.7309497,4.8351824,,flowerbed,,,
45.7310243,4.8348351,,flowerbed,,,
45.7498986,4.8694292,,grass,,,
45.7762040,4.8276346,,construction,,,
45.7798258,4.8238548,,construction,,,
45.7717150,4.8259535,Le jardin d'Ornano,allotments,,,
45.7718270,4.8260970,,grass,,,
45.7381824,4.8177784,Production de terre végétale,grass,,,
45.7366037,4.8195786,,flowerbed,,,
45.7369403,4.8195363,,flowerbed,,,
45.7367778,4.8200198,,flowerbed,,,
45.7360101,4.8188933,,greenfield,,,
45.7759853,4.8252777,,flowerbed,,,
45.7776979,4.8205571,,flowerbed,,,
45.7773714,4.8198147,,grass,,,
45.7777408,4.8197587,,grass,,,
45.7775050,4.8194957,,grass,,,
45.7775026,4.8196913,,grass,,,
45.7774366,4.8194705,,grass,,,
45.7774158,4.8191787,,grass,,,
45.7772804,4.8193304,,grass,,,
45.7774800,4.8193655,,grass,,,
45.7767899,4.8206262,,flowerbed,,,
45.7767155,4.8205092,,flowerbed,,,
45.7709584,4.8321992,,grass,,,
45.7695396,4.8337017,,flowerbed,,,
45.7763975,4.7990697,,greenfield,,,
45.7725180,4.8168442,Résidence Beau Site,residential,,,
45.7763409,4.8424980,,,,beach,
45.7753946,4.8422175,,,,beach,
45.7648509,4.8667853,,grass,,,
45.7642858,4.8471948,,grass,,,
45.7642185,4.8470644,,grass,,,
45.7642303,4.8472305,,grass,,,
45.7644539,4.8471933,,grass,,,
45.7643969,4.8471754,,grass,,,
45.7644396,4.8470327,,grass,,,
45.7640887,4.8316774,Aménagements de voirie,construction,,,
45.7491985,4.8259969,,grass,,,
45.7490752,4.8258602,,grass,,,
45.7779605,4.8289881,Pôle d'activité Croix-Rousse Vallée,commercial,,,
45.7801315,4.8446118,,,,beach,
45.7795131,4.8449165,,grass,,,
45.7792195,4.8440652,,,,beach,
45.7492257,4.8510681,,grass,,,
45.7493448,4.8509684,,grass,,,
45.7492535,4.8509182,,grass,,,
45.7493172,4.8511187,,grass,,,
45.7678904,4.8201225,,flowerbed,,,
45.7561730,4.8224056,,forest,,,
45.7543298,4.8216888,,allotments,,,
45.7538199,4.8202910,,forest,,,
45.7373659,4.8164958,,grass,,,
45.7381142,4.8167155,,grass,,,
45.7384240,4.8168832,,greenfield,,,
45.7415731,4.8205121,,grass,,,
45.7417330,4.8206485,,grass,,,
45.7418243,4.8207264,,grass,,,
45.7414634,4.8207488,,grass,,,
45.7420102,4.8205429,,grass,,,
45.7420582,4.8205721,,grass,,,
45.7420159,4.8206771,,grass,,,
45.7419723,4.8207850,,grass,,,
45.7419393,4.8207058,,grass,,,
45.7419007,4.8208072,,grass,,,
45.7418958,4.8209604,,grass,,,
45.7418343,4.8211182,,grass,,,
45.7417780,4.8212604,,grass,,,
45.7418918,4.8211281,,grass,,,
45.7419730,4.8209356,,grass,,,
45.7635223,4.8143529,,construction,,,
45.7356013,4.8641625,,flowerbed,,,
45.7356997,4.8642398,,flowerbed,,,
45.7360002,4.8644683,,flowerbed,,,
45.7359101,4.8643982,,flowerbed,,,
45.7362187,4.8646470,,flowerbed,,,
45.7361378,4.8645834,,flowerbed,,,
45.7393785,4.8596734,,grass,,,
45.7393679,4.8598159,,grass,,,
45.7397484,4.8593411,,grass,,,
45.7392425,4.8594584,,grass,,,
45.7393629,4.8595326,,grass,,,
45.7390691,4.8594381,,grass,,,
45.7390248,4.8595762,,grass,,,
45.7390902,4.8597461,,grass,,,
45.7391796,4.8598553,,grass,,,
45.7391684,4.8599990,,grass,,,
45.7398929,4.8590843,,flowerbed,,,
45.7398805,4.8591474,,flowerbed,,,
45.7399416,4.8591037,,flowerbed,,,
45.7399088,4.8590203,,flowerbed,,,
45.7404486,4.8571155,,grass,,,
45.7404143,4.8572214,,grass,,,
45.7403592,4.8573894,,grass,,,
45.7402974,4.8575869,,grass,,,
45.7402422,4.8577541,,grass,,,
45.7424329,4.8568236,,grass,,,
45.7388381,4.8597716,,grass,,,
45.7389457,4.8598469,,grass,,,
45.7388272,4.8599404,,grass,,,
45.7390063,4.8600070,,grass,,,
45.7389868,4.8601564,,grass,,,
45.7388797,4.8601132,,grass,,,
45.7388669,4.8602560,,grass,,,
45.7387662,4.8602062,,grass,,,
45.7387495,4.8603520,,grass,,,
45.7388813,4.8594005,,grass,,,
45.7390076,4.8596961,,grass,,,
45.7385978,4.8594152,,flowerbed,,,
45.7386300,4.8593192,,flowerbed,,,
45.7388085,4.8594782,,flowerbed,,,
45.7388081,4.8593974,,flowerbed,,,
45.7387078,4.8594532,,flowerbed,,,
45.7387420,4.8593735,,flowerbed,,,
45.7402900,4.8587690,,flowerbed,,,
45.7442821,4.8578143,,,sand,,square
45.7426487,4.8504607,,flowerbed,,,
45.7441166,4.8466821,,,sand,,
45.7441687,4.8466791,,flowerbed,,,
45.7453799,4.8434736,,flowerbed,,,
45.7430464,4.8506451,,grass,,,
45.7447971,4.8418091,,flowerbed,,,
45.7447208,4.8417363,,flowerbed,,,
45.7446307,4.8416543,,flowerbed,,,
45.7445534,4.8415894,,flowerbed,,,
45.7447676,4.8418991,,flowerbed,,,
45.7446727,4.8418587,,flowerbed,,,
45.7445800,4.8417665,,flowerbed,,,
45.7445362,4.8418640,,flowerbed,,,
45.7445021,4.8417234,,flowerbed,,,
45.7444438,4.8418311,,flowerbed,,,
45.7444372,4.8416981,,flowerbed,,,
45.7443772,4.8418161,,flowerbed,,,
45.7479040,4.8338379,,flowerbed,,,
45.7480944,4.8339752,,grass,,,
45.7482174,4.8340758,,grass,,,
45.7485047,4.8343009,,grass,,,
45.7470187,4.8330784,,grass,,,
45.7484014,4.8299727,,grass,,,
45.7486858,4.8294849,,grass,,,
45.7489058,4.8296297,,grass,,,
45.7490983,4.8290168,,grass,,,
45.7485501,4.8288040,,grass,,,
45.7498022,4.8278972,,sand,,,
45.7491478,4.8254684,,grass,,,
45.7493876,4.8255150,,flowerbed,,,
45.7445508,4.8236997,,grass,,,
45.7424242,4.8203079,,flowerbed,,,
45.7421018,4.8200284,,flowerbed,,,
45.7416461,4.8193011,,flowerbed,,,
45.7417767,4.8189884,,flowerbed,,,
45.7418813,4.8187369,,flowerbed,,,
45.7412737,4.8192513,,grass,,,
45.7413429,4.8193586,,grass,,,
45.7412873,4.8193599,,grass,,,
45.7417802,4.8188211,,flowerbed,,,
45.7415871,4.8192835,,flowerbed,,,
45.7308834,4.8353547,,flowerbed,,,
45.7308233,4.8355452,,grass,,,
45.7306929,4.8360932,,grass,,,
45.7312379,4.8354729,,flowerbed,,,
45.7329025,4.8802425,,grass,,,
45.7330210,4.8795860,,flowerbed,,,
45.7331376,4.8798769,,flowerbed,,,
45.7332930,4.8796224,,flowerbed,,,
45.7334489,4.8791563,,flowerbed,,,
45.7329561,4.8778924,,flowerbed,,,
45.7328788,4.8782692,,flowerbed,,,
45.7323290,4.8759955,,flowerbed,,,
45.7321664,4.8760860,,flowerbed,,,
45.7316472,4.8748443,,flowerbed,,,
45.7311022,4.8730179,,flowerbed,,,
45.7311465,4.8731724,,flowerbed,,,
45.7312012,4.8736419,,greenfield,,,
45.7308539,4.8716994,,flowerbed,,,
45.7484969,4.8633967,,flowerbed,,,
45.7308605,4.8597594,,grass,,,
45.7310696,4.8596978,,grass,,,
45.7307220,4.8576388,,grass,,,
45.7311947,4.8598633,,flowerbed,,,
45.7311630,4.8593702,,grass,,,
45.7310439,4.8588682,,grass,,,
45.7308053,4.8584017,,flowerbed,,,
45.7307320,4.8581694,,flowerbed,,,
45.7721971,4.8544504,,grass,,,
45.7722976,4.8543845,,grass,,,
45.7722325,4.8545547,,grass,,,
45.7316601,4.8237792,,grass,,,
45.7321420,4.8240798,,grass,,,
45.7323335,4.8220061,,grass,,,
45.7320099,4.8227644,,grass,,,
45.7326591,4.8239902,,flowerbed,,,
45.7330473,4.8238858,,flowerbed,,,
45.7327261,4.8242047,,grass,,,
45.7322402,4.8243938,,flowerbed,,,
45.7320597,4.8236654,,grass,,,
45.7325424,4.8215123,,grass,,,
45.7315988,4.8214184,,grass,,,
45.7317680,4.8213549,,grass,,,
45.7342687,4.8191465,,grass,,,
45.7335760,4.8230127,,flowerbed,,,
45.7335850,4.8231822,,flowerbed,,,
45.7335279,4.8232547,,flowerbed,,,
45.7334713,4.8231746,,flowerbed,,,
45.7334862,4.8230555,,flowerbed,,,
45.7335244,4.8229194,,flowerbed,,,
45.7334367,4.8229641,,flowerbed,,,
45.7333690,4.8230393,,flowerbed,,,
45.7333723,4.8232341,,flowerbed,,,
45.7333204,4.8235108,,flowerbed,,,
45.7332043,4.8235122,,flowerbed,,,
45.7332176,4.8233560,,flowerbed,,,
45.7334279,4.8233333,,flowerbed,,,
45.7332983,4.8233235,,flowerbed,,,
45.7335556,4.8227454,,flowerbed,,,
45.7335444,4.8224776,,flowerbed,,,
45.7334613,4.8230967,,flowerbed,,,
45.7328071,4.8235664,,flowerbed,,,
45.7328534,4.8239052,,grass,,,
45.7329506,4.8244993,,grass,,,
45.7340953,4.8177361,,grass,,,
45.7340284,4.8178226,,grass,,,
45.7358150,4.8173258,,grass,,,
45.7345742,4.8172686,,greenfield,,,
45.7328214,4.8172287,,grass,,,
45.7350108,4.8191072,,grass,,,
45.7338186,4.8176303,,flowerbed,,,
45.7490985,4.8347697,,flowerbed,,,
45.7500011,4.8765487,,village_green,,,
45.7529215,4.8696252,,grass,,,
45.7592437,4.8426835,,flowerbed,,,
45.7592636,4.8429761,,flowerbed,,,
45.7592846,4.8432661,,flowerbed,,,
45.7593141,4.8436279,,flowerbed,,,
45.7593413,4.8439877,,flowerbed,,,
45.7593707,4.8443783,,flowerbed,,,
45.7594115,4.8448554,,flowerbed,,,
45.7593303,4.8453968,,flowerbed,,,
45.7593126,4.8451362,,flowerbed,,,
45.7594534,4.8454879,,flowerbed,,,
45.7605945,4.8534442,,grass,,,
45.7631303,4.8578142,,grass,,,
45.7685845,4.8610851,,flowerbed,,,
45.7687865,4.8609624,,flowerbed,,,
45.7689544,4.8609805,,flowerbed,,,
45.7690324,4.8608282,,flowerbed,,,
45.7690924,4.8608339,,flowerbed,,,
45.7689140,4.8607658,,flowerbed,,,
45.7686665,4.8612544,,flowerbed,,,
45.7740730,4.8648305,,grass,,,
45.7743198,4.8649455,,grass,,,
45.7742707,4.8649434,,flowerbed,,,
45.7742303,4.8648033,,,gravel,,
45.7746949,4.8653350,,grass,,,
45.7751818,4.8673851,,grass,,,
45.7750191,4.8663145,,flowerbed,,,
45.7749412,4.8661521,,flowerbed,,,
45.7748757,4.8660077,,flowerbed,,,
45.7751271,4.8662867,,flowerbed,,,
45.7752394,4.8662643,,flowerbed,,,
45.7753506,4.8662338,,flowerbed,,,
45.7797803,4.8623191,,grass,,,
45.7798955,4.8619542,,grass,,,
45.7641031,4.8103863,Terrains communs,grass,,,
45.7594390,4.8619614,,grass,,,
45.7587041,4.8618100,,grass,,,
45.7575360,4.8617552,,grass,,,
45.7575176,4.8618892,,grass,,,
45.7556647,4.8616202,,flowerbed,,,
45.7565119,4.8621055,,grass,,,
45.7557780,4.8620007,,flowerbed,,,
45.7561208,4.8622167,,grass,,,
45.7555814,4.8623212,,grass,,,
45.7552365,4.8624342,,grass,,,
45.7548573,4.8625079,,grass,,,
45.7550801,4.8619102,,grass,,,
45.7542412,4.8629247,,grass,,,
45.7544640,4.8632487,,flowerbed,,,
45.7568529,4.8622247,,grass,,,
45.7537533,4.8624151,,grass,,,
45.7533234,4.8623772,,grass,,,
45.7529149,4.8622964,,grass,,,
45.7524983,4.8632154,,grass,,,
45.7535315,4.8617605,,grass,,,
45.7527331,4.8617133,,grass,,,
45.7537372,4.8616653,,flowerbed,,,
45.7532379,4.8616602,,flowerbed,,,
45.7531289,4.8616573,,flowerbed,,,
45.7534934,4.8617047,,flowerbed,,,
45.7535295,4.8618152,,flowerbed,,,
45.7527310,4.8617719,,flowerbed,,,
45.7527375,4.8616664,,flowerbed,,,
45.7534120,4.8619493,,grass,,,
45.7532879,4.8620922,,grass,,,
45.7525452,4.8622366,,grass,,,
45.7522515,4.8615848,,flowerbed,,,
45.7522349,4.8617199,,flowerbed,,,
45.7521103,4.8616834,,flowerbed,,,
45.7520085,4.8616512,,flowerbed,,,
45.7520369,4.8615225,,flowerbed,,,
45.7521679,4.8613888,,flowerbed,,,
45.7519450,4.8614893,,flowerbed,,,
45.7519208,4.8616222,,flowerbed,,,
45.7515144,4.8617446,,grass,,,
45.7514217,4.8612902,,grass,,,
45.7513989,4.8612300,,flowerbed,,,
45.7514056,4.8613408,,flowerbed,,,
45.7511442,4.8644206,,flowerbed,,,
45.7509474,4.8644432,,flowerbed,,,
45.7511611,4.8627481,,grass,,,
45.7510132,4.8617142,,grass,,,
45.7510181,4.8627865,,grass,,,
45.7497361,4.8602029,,grass,,,
45.7481407,4.8597314,,grass,,,
45.7465068,4.8592784,,grass,,,
45.7397430,4.8558613,Terrains communs,grass,,,
45.7395267,4.8550330,Terrains communs,grass,,,
45.7438635,4.8585832,,grass,,,
45.7433613,4.8583751,,grass,,,
45.7426392,4.8581508,,grass,,,
45.7481489,4.8593574,,grass,,,
45.7479867,4.8774001,,grass,,,
45.7482449,4.8771639,,grass,,,
45.7485920,4.8773811,,grass,,,
45.7486864,4.8767255,,grass,,,
45.7489237,4.8774851,,grass,,,
45.7488076,4.8774593,,grass,,,
45.7503007,4.8743627,,construction,,,
45.7385849,4.8181356,,construction,,,
45.7423981,4.8585368,,grass,,,
45.7418745,4.8581536,,grass,,,
45.7419574,4.8584044,,grass,,,
45.7414163,4.8584875,,grass,,,
45.7416735,4.8587144,,grass,,,
45.7418973,4.8586251,,grass,,,
45.7413150,4.8578616,,grass,,,
45.7410475,4.8581610,,grass,,,
45.7410190,4.8576883,,grass,,,
45.7416534,4.8578428,,grass,,,
45.7411121,4.8572958,,grass,,,
45.7412725,4.8574252,,grass,,,
45.7414026,4.8575199,,grass,,,
45.7415458,4.8576428,,grass,,,
45.7366662,4.8626046,,,sand,,square
45.7366961,4.8612345,,grass,,,
45.7369109,4.8609020,,grass,,,
45.7351017,4.8183657,,grass,,,
45.7353850,4.8175805,,grass,,,
45.7347901,4.8636081,,flowerbed,,,
45.7349288,4.8636571,,flowerbed,,,
45.7348359,4.8636792,,flowerbed,,,
45.7348365,4.8631093,,flowerbed,,,
45.7515945,4.8717187,,construction,,,
45.7339456,4.8629533,,flowerbed,,,
45.7340279,4.8629882,,flowerbed,,,
45.7340897,4.8633596,,flowerbed,,,
45.7341323,4.8635191,,flowerbed,,,
45.7342042,4.8631291,,flowerbed,,,
45.7343006,4.8632555,,flowerbed,,,
45.7342831,4.8633742,,flowerbed,,,
45.7518236,4.8713951,,construction,,,
45.7362701,4.8625772,,grass,,,
45.7364395,4.8626874,,grass,,,
45.7363641,4.8624879,,grass,,,
45.7364002,4.8625891,,grass,,,
45.7377735,4.8633838,,grass,,,
45.7378955,4.8632837,,grass,,,
45.7376440,4.8636840,,grass,,,
45.7380302,4.8628820,,grass,,,
45.7374130,4.8636840,,grass,,,
45.7360019,4.8698597,,flowerbed,,,
45.7361262,4.8697546,,flowerbed,,,
45.7358949,4.8699595,,flowerbed,,,
45.7357743,4.8700608,,flowerbed,,,
45.7356602,4.8701613,,flowerbed,,,
45.7309659,4.8669067,,grass,,,
45.7342771,4.8634623,,,asphalt,,
45.7632851,4.8313197,Démolition de l'ancien parking Saint-Antoine,construction,,,
45.7375440,4.8604938,,grass,,,
45.7373104,4.8606802,,grass,,,
45.7568807,4.8182966,,allotments,,,
45.7523393,4.8700943,,construction,,,
45.7797422,4.8627631,,grass,,,
45.7369403,4.8195363,,grass,,,
45.7366037,4.8195786,,grass,,,
45.7367778,4.8200198,,grass,,,
45.7368375,4.8190104,,grass,,,
45.7537125,4.8683024,,construction,,,
45.7764616,4.8574714,,,,water,
45.7746481,4.8184361,,construction,,,
45.7482660,4.8480970,,construction,,,
45.7448555,4.8481277,,grass,,,
45.7352826,4.8458564,,grass,,,
45.7349581,4.8450407,,grass,,,
45.7356125,4.8444855,,grass,,,
45.7351434,4.8445441,,grass,,,
45.7328123,4.8430008,,grass,,,
45.7609192,4.8180124,Résidence Le Colisée,residential,,,
45.7610306,4.8193177,Résidence de la Paix,residential,,,
45.7451989,4.8461754,,grass,,,
45.7399434,4.8511447,Parc d'Activité de Toulon,industrial,,,
45.7398858,4.8502269,Parc d'Activité de Vienne & Vivier,industrial,,,
45.7516885,4.8406035,,flowerbed,,,
45.7516996,4.8403336,,flowerbed,,,
45.7747574,4.8560036,,forest,,,
45.7749271,4.8555246,,forest,,,
45.7415125,4.8353054,Collège Gisèle Halimi,education,,,
45.7577910,4.8663156,Un Jardin à Part,construction,,,
45.7759026,4.8698324,,grass,,,
45.7758700,4.8697259,,grass,,,
45.7738226,4.8558610,,grass,,,
45.7740725,4.8564976,,grass,,,
45.7591631,4.8474885,,grass,,,
45.7592700,4.8472743,,grass,,,
45.7547159,4.8659352,,village_green,,,
45.7546038,4.8659101,,village_green,,,
45.7311439,4.8600532,,grass,,,
45.7313380,4.8612426,,grass,,,
45.7801128,4.8618130,,grass,,,
45.7456769,4.8372853,,flowerbed,,,
45.7722132,4.8358136,,scrub,,,
45.7720523,4.8357900,,scrub,,,
45.7719645,4.8357760,,scrub,,,
45.7719478,4.8356244,,scrub,,,
45.7720344,4.8357618,,grass,,,
45.7724306,4.8359916,,grass,,,
45.7717806,4.8357904,,scrub,,,
45.7611245,4.8688206,Les Jardins De MÂa,construction,,,
45.7587793,4.8337357,,scrub,,,
45.7588032,4.8335831,,scrub,,,
45.7704928,4.8773966,Résidences Prélude,residential,,,
45.7631962,4.8575319,,construction,,,
45.7565504,4.8800780,,construction,,,
45.7506247,4.8224372,,flowerbed,,,
45.7506257,4.8226127,,flowerbed,,,
45.7561297,4.8243453,,flowerbed,,,
45.7333172,4.8800071,,construction,,,
45.7591686,4.8716422,,grass,,,
45.7591505,4.8718347,,grass,,,
45.7590823,4.8713667,,grass,,,
45.7592202,4.8714834,,grass,,,
45.7591975,4.8713118,,grass,,,
45.7426811,4.8428275,,construction,,,
45.7402249,4.8436961,,grass,,,
45.7543608,4.8716884,,village_green,,,
45.7541564,4.8714688,Crèche Pain d'Épices,recreation_ground,,,
45.7648959,4.8374856,,scrub,,,
45.7565889,4.8035539,,construction,,,
45.7751363,4.8343097,,shrub,,,
45.7744610,4.8112244,,grass,,,
45.7750121,4.8340890,,shrub,,,
45.7749524,4.8339940,,shrub,,,
45.7729513,4.8345576,,scrub,,,
45.7729226,4.8344957,,scrub,,,
45.7726592,4.8352411,,scrub,,,
45.7358303,4.8324429,,recreation_ground,,,
45.7409008,4.8215087,,construction,,,
45.7727000,4.8060050,,construction,,,
45.7578202,4.8788425,,grass,,,
45.7577916,4.8785457,,grass,,,
45.7577516,4.8792535,,grass,,,
45.7577250,4.8789036,,grass,,,
45.7577759,4.8786330,,grass,,,
45.7576776,4.8791687,,grass,,,
45.7577517,4.8787668,,grass,,,
45.7578626,4.8786075,,grass,,,
45.7396593,4.8207089,Futur groupe scolaire,construction,,,
45.7599307,4.8318626,,shrub,,,
45.7598029,4.8320753,,shrub,,,
45.7596292,4.8319152,,shrub,,,
45.7596942,4.8316691,,shrub,,,
45.7471080,4.8321674,L'Île Ô,construction,,,
45.7612847,4.8588113,Démolition immeuble B5,construction,,,
45.7423924,4.8485340,,construction,,,
45.7419034,4.8487303,,commercial,,,
45.7414683,4.8496321,,construction,,,
45.7597478,4.8080721,Carré Antonin,construction,,,
45.7661072,4.8448005,,grass,,,
45.7660123,4.8450368,,grass,,,
45.7661524,4.8452210,,grass,,,
45.7801202,4.8232973,,construction,,,
45.7570654,4.8454894,,scrub,,,
45.7570434,4.8456947,,scrub,,,
45.7569013,4.8457492,,scrub,,,
45.7570504,4.8450204,,grass,,,
45.7380857,4.8366432,,forest,,,
45.7592219,4.8562620,,commercial,,,
45.7586508,4.8546731,,residential,,,
45.7596492,4.8530733,,commercial,,,
45.7620306,4.8587354,,residential,,,
45.7491938,4.8704237,,grass,,,
45.7494947,4.8704037,,grass,,,
45.7494021,4.8704139,,grass,,,
45.7494399,4.8703099,,grass,,,
45.7496746,4.8706509,,grass,,,
45.7495417,4.8707728,,grass,,,
45.7495158,4.8706279,,grass,,,
45.7493273,4.8711058,,grass,,,
45.7492834,4.8707675,,grass,,,
45.7492633,4.8709595,,grass,,,
45.7698918,4.8749005,,greenfield,,,
45.7496986,4.8697174,,grass,,,
45.7495780,4.8699553,,grass,,,
45.7709289,4.8785345,,construction,,,
45.7719843,4.8777927,,construction,,,
45.7771669,4.8273813,,construction,,,
