53.7670929,20.4784559,,,,beach,
53.7855190,20.4603891,Jezioro Długie,,,water,
53.7703169,20.4594085,Rodzinny Ogród Działkowy „Żabie Oczko”,allotments,,,
53.7767343,20.4961482,,,,water,
53.7762595,20.4978390,Skatepark,recreation_ground,,,
53.7773823,20.4726717,,,,water,
53.7786832,20.4729851,,,,water,
53.7701204,20.4537877,2 Regionalna Baza Logistyczna – Skład Olsztyn,military,,,
53.7823600,20.4736710,,industrial,,,
53.7632415,20.4829684,,industrial,,,
53.7829746,20.4699242,,industrial,,,
53.7828688,20.4765132,,industrial,,,
53.7656256,20.4579669,22 Wojskowy Oddział Gospodarczy,military,,,
53.7870640,20.5043660,,railway,,,
53.7808514,20.5015141,,industrial,,,
53.7830170,20.5042797,,industrial,,,
53.7878465,20.5152573,,industrial,,,
53.7841085,20.4960641,,grass,,,
53.7848779,20.4988441,,grass,,,
53.7779298,20.4637933,Plac Ofiar Katastrofy Smoleńskiej,grass,,,
53.7737057,20.4889143,,,,water,
53.7817705,20.4542844,Czarne Jezioro,,,water,
53.7740089,20.4918245,,,,water,
53.7689886,20.4857991,,,,water,
53.7627669,20.4561373,,,,water,
53.7729698,20.4539400,,industrial,,,
53.7725343,20.4650114,Rodzinny Ogród Działkowy „Kopernik”,allotments,,,
53.7953603,20.4539264,,forest,,,
53.7653751,20.4725254,,retail,,,
53.7768530,20.4786559,,village_green,,,
53.7758554,20.4785050,,village_green,,,
53.7603164,20.4667008,,,,wetland,
53.7830402,20.4791199,Cmentarz św. Jakuba,cemetery,,,
53.7866636,20.4765668,,forest,,,
53.7773305,20.4536256,,forest,,,
53.7771952,20.4568602,Rodzinny Ogród Działkowy „Jeziorna”,allotments,,,
53.7761903,20.4532941,,,,wetland,
53.7754903,20.4901890,,grass,,,
53.7757506,20.4892804,,grass,,,
53.7756779,20.4895419,,grass,,,
53.7755954,20.4898306,,grass,,,
53.7767987,20.4946781,,,,water,
53.7603687,20.4790085,,allotments,,,
53.7723928,20.4736587,Circle K,retail,,,
53.7844750,20.4508381,Zespół Szkół Ekonomicznych im. Mikołaja Kopernika,education,,,
53.7833341,20.4528747,Zespół Szkół Elektronicznych i Telekomunikacyjnych,education,,,
53.7664936,20.4691105,,,,wetland,
53.7660644,20.4936974,,village_green,,,
53.7871523,20.4943306,,education,,,
53.7896223,20.4844820,,school,,,
53.7776528,20.4648581,,grass,,,
53.7780800,20.4652751,,grass,,,
53.7772452,20.4651164,,grass,,,
53.7779975,20.4645388,,grass,,,
53.7782452,20.4640920,,grass,,,
53.7776631,20.4622787,,grass,,,
53.7758619,20.4580395,,grass,,,
53.7664783,20.4696889,Biedronka,retail,,,
53.7826423,20.4568509,,residential,,,
53.7819884,20.4682270,,residential,,,
53.7743842,20.4523207,,forest,,,
53.7664934,20.4883357,,grass,,,
53.7666478,20.4886842,,grass,,,
53.7654709,20.4910662,,grass,,,
53.7667405,20.4885119,,grass,,,
53.7918779,20.4911734,,residential,,,
53.7656035,20.5097483,,residential,,,
53.7693965,20.5034518,,residential,,,
53.7658206,20.4973014,,residential,,,
53.7779963,20.5063933,,residential,,,
53.7731845,20.5045645,,residential,,,
53.7830499,20.4964500,,residential,,,
53.7783817,20.4912058,,residential,,,
53.7613147,20.4691536,,residential,,,
53.7694276,20.4730208,,residential,,,
53.7667875,20.4816335,,residential,,,
53.7635224,20.4899266,,residential,,,
53.7715547,20.4955285,,residential,,,
53.7718966,20.4641270,,residential,,,
53.7739199,20.4708960,,residential,,,
53.7770326,20.4674310,,residential,,,
53.7766402,20.4710397,,residential,,,
53.7792960,20.4770899,,residential,,,
53.7704868,20.4857567,,residential,,,
53.7829432,20.4864918,,residential,,,
53.7837789,20.4943707,,grass,,,
53.7650321,20.4802176,,grass,,,
53.7782494,20.4634493,,grass,,,
53.7784267,20.4631901,,grass,,,
53.7781284,20.4631779,,grass,,,
53.7634034,20.4997818,,grass,,,
53.7642783,20.4967289,,grass,,,
53.7633459,20.5013471,,grass,,,
53.7631447,20.5007903,,grass,,,
53.7643918,20.4949044,,grass,,,
53.7631713,20.5011984,,grass,,,
53.7643250,20.4958037,,grass,,,
53.7640315,20.4973691,,grass,,,
53.7641251,20.4975571,,grass,,,
53.7642734,20.4940289,,grass,,,
53.7640658,20.4971249,,grass,,,
53.7813936,20.4996557,,grass,,,
53.7807665,20.5003288,,grass,,,
53.7797402,20.5009270,,grass,,,
53.7821661,20.4953078,,grass,,,
53.7814642,20.4978127,,grass,,,
53.7732283,20.4999318,,grass,,,
53.7765954,20.5022761,,grass,,,
53.7729499,20.5013611,,grass,,,
53.7726855,20.5019222,,grass,,,
53.7663970,20.4958662,,grass,,,
53.7773643,20.5019748,,grass,,,
53.7649726,20.4949169,,grass,,,
53.7724694,20.5017980,,grass,,,
53.7737865,20.5015316,,grass,,,
53.7784654,20.5015280,,grass,,,
53.7718046,20.5003584,,grass,,,
53.7655205,20.4951181,,grass,,,
53.7675034,20.4968425,,grass,,,
53.7728477,20.5008776,,grass,,,
53.7718804,20.5001908,,grass,,,
53.7699497,20.4988095,,grass,,,
53.7754027,20.5023216,,grass,,,
53.7729708,20.5014637,,grass,,,
53.7725344,20.5003289,,grass,,,
53.7732612,20.5016149,,grass,,,
53.7647009,20.4947611,,grass,,,
53.7731103,20.5015458,,grass,,,
53.7686855,20.4979414,,grass,,,
53.7683931,20.4976233,,grass,,,
53.7731799,20.5014600,,grass,,,
53.7647841,20.4944592,,grass,,,
53.7727545,20.5012326,,grass,,,
53.7731272,20.5006793,,grass,,,
53.7779351,20.5017445,,grass,,,
53.7726326,20.5007092,,grass,,,
53.7725542,20.5010459,,grass,,,
53.7648488,20.4947101,,grass,,,
53.7726888,20.5015370,,grass,,,
53.7730176,20.5001793,,grass,,,
53.7729411,20.5005199,,grass,,,
53.7727420,20.5003905,,grass,,,
53.7791234,20.5012606,,grass,,,
53.7656749,20.4954771,,grass,,,
53.7730531,20.5010389,,grass,,,
53.7729703,20.4999540,,grass,,,
53.7750187,20.4873153,,residential,,,
53.7755619,20.4880977,,commercial,,,
53.7763744,20.4864004,Urząd Marszałkowski Województwa Warmińsko-Mazurskiego w Olsztynie,commercial,,,
53.7763087,20.4803694,,commercial,,,
53.7761196,20.4862868,,grass,,,
53.7756235,20.4801208,,residential,,,
53.7772230,20.4804337,,residential,,,
53.7773181,20.4823729,,retail,,,
53.7755465,20.4863041,,retail,,,
53.7733083,20.4879259,,commercial,,,
53.7773714,20.4809773,,commercial,,,
53.7686590,20.5025533,,grass,,,
53.7684546,20.4980178,,grass,,,
53.7683873,20.4982311,,grass,,,
53.7659158,20.4699125,,grass,,,
53.7655269,20.4700331,,grass,,,
53.7661509,20.4671493,,grass,,,
53.7657655,20.4742720,,grass,,,
53.7649847,20.4685578,,grass,,,
53.7648561,20.4686683,,grass,,,
53.7742941,20.4601800,,,,water,
53.7711270,20.4674293,,,,water,
53.7702564,20.4592003,,,,water,
53.7842891,20.4986824,,grass,,,
53.7843654,20.4988388,,grass,,,
53.7842371,20.4981546,,grass,,,
53.7844397,20.4999792,,grass,,,
53.7740545,20.4738862,,grass,,,
53.7728138,20.4759091,,grass,,,
53.7776908,20.4618335,,grass,,,
53.7739019,20.4738520,,grass,,,
53.7778782,20.4631810,,grass,,,
53.7741274,20.4737016,,grass,,,
53.7792090,20.4648706,,grass,,,
53.7736671,20.4734802,,grass,,,
53.7729696,20.4774205,,grass,,,
53.7728731,20.4765996,,grass,,,
53.7731224,20.4768068,,grass,,,
53.7782352,20.4645471,,grass,,,
53.7731686,20.4766000,,grass,,,
53.7732826,20.4767773,,grass,,,
53.7737651,20.4737430,,grass,,,
53.7775789,20.4640015,,grass,,,
53.7783850,20.4646240,,grass,,,
53.7737113,20.4735967,,grass,,,
53.7738766,20.4735531,,grass,,,
53.7776151,20.4630195,,grass,,,
53.7777518,20.4644480,,grass,,,
53.7737587,20.4733767,,grass,,,
53.7729384,20.4762741,,grass,,,
53.7776019,20.4635466,,grass,,,
53.7781935,20.4648332,,grass,,,
53.7742433,20.4543087,,grass,,,
53.7743988,20.4543873,,grass,,,
53.7638664,20.5031878,,retail,,,
53.7774523,20.4866054,Warmińsko-Mazurski Urząd Wojewódzki w Olsztynie,commercial,,,
53.7776688,20.4864979,,grass,,,
53.7774945,20.4863809,,grass,,,
53.7773820,20.4866722,,grass,,,
53.7773064,20.4869645,,grass,,,
53.7772391,20.4865556,,grass,,,
53.7783791,20.4846829,,grass,,,
53.7784161,20.4822812,,grass,,,
53.7781865,20.4822364,,grass,,,
53.7780674,20.4828221,,grass,,,
53.7778259,20.4831548,,grass,,,
53.7779123,20.4832335,,grass,,,
53.7772701,20.4871860,,grass,,,
53.7761675,20.4896047,,grass,,,
53.7759428,20.4901841,,grass,,,
53.7764064,20.4896866,,grass,,,
53.7766602,20.4898976,,grass,,,
53.7767256,20.4902844,,grass,,,
53.7764063,20.4906367,,grass,,,
53.7762247,20.4898683,,grass,,,
53.7778836,20.4869665,,grass,,,
53.7763750,20.4848053,,grass,,,
53.7765445,20.4847490,,grass,,,
53.7764282,20.4850984,,grass,,,
53.7764302,20.4853430,,grass,,,
53.7762843,20.4852158,,grass,,,
53.7765742,20.4854580,,grass,,,
53.7766818,20.4855685,,grass,,,
53.7768105,20.4856505,,grass,,,
53.7764078,20.4857947,,grass,,,
53.7763580,20.4867855,,grass,,,
53.7766687,20.4861610,,grass,,,
53.7765255,20.4868248,,grass,,,
53.7762020,20.4871621,,grass,,,
53.7764712,20.4884369,,grass,,,
53.7767499,20.4883346,,grass,,,
53.7762252,20.4890837,,grass,,,
53.7763167,20.4892448,,grass,,,
53.7766230,20.4894910,,grass,,,
53.7770426,20.4816450,,grass,,,
53.7767657,20.4821036,,grass,,,
53.7767393,20.4824760,,grass,,,
53.7766367,20.4832391,,grass,,,
53.7765883,20.4834721,,grass,,,
53.7765739,20.4835702,,grass,,,
53.7802603,20.4761383,Zespół Szkół Ogólnokształcących nr 1 w Olsztynie,education,,,
53.7893428,20.5025012,,allotments,,,
53.7732579,20.4771439,,grass,,,
53.7729833,20.4776460,,grass,,,
53.7713124,20.4782074,,grass,,,
53.7711955,20.4786279,,grass,,,
53.7713059,20.4772490,,grass,,,
53.7708119,20.4774972,,grass,,,
53.7706777,20.4780863,,grass,,,
53.7802603,20.4759722,,grass,,,
53.7800503,20.4769411,,grass,,,
53.7666646,20.4560737,,,,water,
53.7783671,20.4817360,,grass,,,
53.7784573,20.4819511,,grass,,,
53.7783572,20.4811284,,grass,,,
53.7785193,20.4803926,,village_green,,,
53.7786449,20.4787557,,village_green,,,
53.7784946,20.4539903,Hotel Vista Marina&Spa,construction,,,
53.7738620,20.4793478,,grass,,,
53.7745435,20.4905253,,grass,,,
53.7746591,20.4907890,,grass,,,
53.7747227,20.4907508,,grass,,,
53.7746102,20.4909950,,grass,,,
53.7746245,20.4910847,,grass,,,
53.7739258,20.4958295,,grass,,,
53.7736499,20.4968460,,grass,,,
53.7784968,20.4826144,,grass,,,
53.7743687,20.4880694,,grass,,,
53.7744983,20.4893412,,grass,,,
53.7743127,20.4897103,,grass,,,
53.7746455,20.4886902,,grass,,,
53.7736314,20.4921512,,grass,,,
53.7741038,20.4924467,,grass,,,
53.7743919,20.4947097,,grass,,,
53.7744329,20.4925571,,grass,,,
53.7747143,20.4935381,,grass,,,
53.7750101,20.4933656,,grass,,,
53.7747392,20.4939326,,grass,,,
53.7742163,20.4941328,,grass,,,
53.7734748,20.4934411,,grass,,,
53.7737567,20.4936991,,grass,,,
53.7719314,20.4904472,,grass,,,
53.7742624,20.4950131,,grass,,,
53.7740634,20.4909394,,grass,,,
53.7742993,20.4908822,,grass,,,
53.7748927,20.4918694,,grass,,,
53.7751554,20.4921236,,grass,,,
53.7757089,20.4897557,,grass,,,
53.7758236,20.4893485,,grass,,,
53.7758793,20.4887525,,grass,,,
53.7757241,20.4888085,,grass,,,
53.7754564,20.4885799,,grass,,,
53.7737030,20.4942637,,grass,,,
53.7722785,20.4922398,,grass,,,
53.7730022,20.4931558,,grass,,,
53.7835676,20.4919090,,grass,,,
53.7836817,20.4919375,,grass,,,
53.7841061,20.4923528,,grass,,,
53.7838840,20.4920968,,grass,,,
53.7840819,20.4920900,,grass,,,
53.7840491,20.4932484,,grass,,,
53.7836973,20.4916766,,grass,,,
53.7843477,20.4976197,,grass,,,
53.7842897,20.4990072,,grass,,,
53.7841901,20.4988483,,grass,,,
53.7841749,20.4986228,,grass,,,
53.7838742,20.4988239,,grass,,,
53.7840580,20.4986375,,grass,,,
53.7839657,20.4985540,,grass,,,
53.7841442,20.4983791,,grass,,,
53.7838202,20.4984528,,grass,,,
53.7844590,20.4985419,,grass,,,
53.7759285,20.4775171,,religious,,,
53.7772681,20.4758257,,religious,,,
53.7757262,20.4593025,,grass,,,
53.7774704,20.4629757,,grass,,,
53.7642039,20.4942350,,grass,,,
53.7638648,20.4931220,,grass,,,
53.7637911,20.4926752,,grass,,,
53.7637359,20.4929193,,grass,,,
53.7637206,20.4934030,,grass,,,
53.7638166,20.4934543,,grass,,,
53.7643590,20.4933684,,grass,,,
53.7641386,20.4929897,,grass,,,
53.7648052,20.4930383,,grass,,,
53.7648253,20.4926435,,grass,,,
53.7635456,20.4930071,,grass,,,
53.7638507,20.4986194,,grass,,,
53.7634196,20.5002290,,grass,,,
53.7637962,20.5005767,,grass,,,
53.7637570,20.5008493,,grass,,,
53.7639925,20.5010909,,grass,,,
53.7641300,20.5012339,,grass,,,
53.7638187,20.4981687,,grass,,,
53.7638163,20.4975980,,grass,,,
53.7639274,20.4970374,,grass,,,
53.7647319,20.4940186,,grass,,,
53.7648548,20.4941554,,grass,,,
53.7782992,20.4798947,,grass,,,
53.7783831,20.4803512,,grass,,,
53.7783380,20.4803367,,grass,,,
53.7782428,20.4808143,,grass,,,
53.7782502,20.4810254,,grass,,,
53.7785250,20.4801631,,grass,,,
53.7780073,20.4816428,,grass,,,
53.7780551,20.4818784,,grass,,,
53.7900205,20.4998959,budowa osiedla mieszkaniowego Wrzosowe Ogrody - WPB Rombud,construction,,,
53.7794392,20.4680847,Meblostacja,retail,,,
53.7851029,20.4990181,,grass,,,
53.7852925,20.4989118,,grass,,,
53.7841594,20.4942990,,grass,,,
53.7839926,20.4943196,,grass,,,
53.7840409,20.4941004,,grass,,,
53.7837281,20.4952184,,grass,,,
53.7838232,20.4955075,,grass,,,
53.7836261,20.4941345,,grass,,,
53.7837043,20.4941007,,grass,,,
53.7835309,20.4946149,,grass,,,
53.7828673,20.4939257,,grass,,,
53.7827887,20.4939204,,grass,,,
53.7842330,20.4993977,,grass,,,
53.7844252,20.5044151,,grass,,,
53.7840650,20.5050018,,grass,,,
53.7842169,20.5049461,,grass,,,
53.7841703,20.5053635,,grass,,,
53.7843279,20.5052273,,grass,,,
53.7851870,20.5057141,,grass,,,
53.7850293,20.5043882,,grass,,,
53.7850879,20.5057659,,grass,,,
53.7849720,20.5057788,,grass,,,
53.7848175,20.5045861,,grass,,,
53.7849122,20.5043346,,grass,,,
53.7846501,20.5031637,,grass,,,
53.7846907,20.5046989,,grass,,,
53.7836434,20.5050112,,grass,,,
53.7814365,20.5000185,,grass,,,
53.7815463,20.5000904,,grass,,,
53.7814433,20.5004062,,grass,,,
53.7815698,20.5003477,,grass,,,
53.7816837,20.4999826,,grass,,,
53.7816418,20.4997668,,grass,,,
53.7815653,20.4978563,,grass,,,
53.7812432,20.5001318,,grass,,,
53.7817824,20.5048838,,grass,,,
53.7817891,20.5031305,,grass,,,
53.7817940,20.5016723,,grass,,,
53.7815237,20.5007660,,grass,,,
53.7816214,20.5008199,,grass,,,
53.7814483,20.5008525,,grass,,,
53.7815449,20.5025634,,grass,,,
53.7804754,20.4917308,,grass,,,
53.7791716,20.5017826,,grass,,,
53.7780399,20.4844143,,grass,,,
53.7782328,20.4865638,,grass,,,
53.7782035,20.4866314,,grass,,,
53.7781833,20.4866690,,grass,,,
53.7782003,20.4871373,,grass,,,
53.7779195,20.4870288,,grass,,,
53.7775527,20.4860476,,grass,,,
53.7782658,20.4873787,,grass,,,
53.7787755,20.4875015,,grass,,,
53.7784798,20.4868150,,grass,,,
53.7788369,20.4876087,,grass,,,
53.7778546,20.4883759,,grass,,,
53.7779833,20.4884756,,grass,,,
53.7781148,20.4885800,,grass,,,
53.7782116,20.4886564,,grass,,,
53.7776793,20.4881972,,grass,,,
53.7784196,20.4884413,,grass,,,
53.7773685,20.4880625,,grass,,,
53.7776118,20.4875675,,grass,,,
53.7774466,20.4879391,,grass,,,
53.7769981,20.4872724,,grass,,,
53.7769738,20.4874554,,grass,,,
53.7758422,20.4867890,,grass,,,
53.7755094,20.4865352,,grass,,,
53.7759665,20.4847119,,grass,,,
53.7769961,20.4848514,,grass,,,
53.7776324,20.4831125,,grass,,,
53.7777106,20.4831687,,grass,,,
53.7759117,20.4853966,,grass,,,
53.7754723,20.4845402,,grass,,,
53.7752498,20.4845793,,grass,,,
53.7750695,20.4864285,,grass,,,
53.7750396,20.4865807,,grass,,,
53.7770098,20.4884917,,grass,,,
53.7769642,20.4889381,,grass,,,
53.7768999,20.4896838,,grass,,,
53.7770357,20.4894723,,grass,,,
53.7770886,20.4892841,,grass,,,
53.7771098,20.4899945,,grass,,,
53.7770350,20.4840727,,grass,,,
53.7771121,20.4811413,,grass,,,
53.7774974,20.4810785,,grass,,,
53.7777005,20.4815341,,grass,,,
53.7777777,20.4818004,,grass,,,
53.7777763,20.4822658,,grass,,,
53.7791651,20.4676945,,grass,,,
53.7794557,20.4676676,,grass,,,
53.7795162,20.4682691,,grass,,,
53.7793150,20.4679796,,grass,,,
53.7794492,20.4679365,,grass,,,
53.7793659,20.4681092,,grass,,,
53.7792664,20.4680068,,grass,,,
53.7792989,20.4681387,,grass,,,
53.7794466,20.4680483,,grass,,,
53.7795015,20.4679227,,grass,,,
53.7795078,20.4679944,,grass,,,
53.7795196,20.4683799,,grass,,,
53.7789651,20.4680683,,grass,,,
53.7789101,20.4679664,,grass,,,
53.7789601,20.4679156,,grass,,,
53.7790335,20.4677310,,grass,,,
53.7788926,20.4676779,,grass,,,
53.7788724,20.4673078,,grass,,,
53.7795335,20.4672685,,grass,,,
53.7800811,20.4672861,,grass,,,
53.7802412,20.4677176,,grass,,,
53.7733105,20.4846785,,grass,,,
53.7736723,20.4807027,,grass,,,
53.7735785,20.4797358,,grass,,,
53.7736570,20.4797912,,grass,,,
53.7781591,20.4784080,,grass,,,
53.7781434,20.4798927,,grass,,,
53.7785274,20.4794175,,village_green,,,
53.7786247,20.4793586,,village_green,,,
53.7784750,20.4794696,,village_green,,,
53.7788458,20.4803005,,grass,,,
53.7766707,20.4784264,,village_green,,,
53.7767312,20.4783928,,village_green,,,
53.7770061,20.4783313,,village_green,,,
53.7765870,20.4787054,,village_green,,,
53.7768502,20.4788719,,village_green,,,
53.7770689,20.4785778,,village_green,,,
53.7772385,20.4783896,,village_green,,,
53.7772532,20.4784420,,village_green,,,
53.7770879,20.4786334,,village_green,,,
53.7768890,20.4788996,,village_green,,,
53.7765850,20.4790056,,village_green,,,
53.7765606,20.4784449,,village_green,,,
53.7766530,20.4783109,,village_green,,,
53.7766954,20.4789489,,village_green,,,
53.7772468,20.4748240,,village_green,,,
53.7770069,20.4750585,,village_green,,,
53.7769572,20.4746747,,village_green,,,
53.7769715,20.4744052,,village_green,,,
53.7770612,20.4744556,,village_green,,,
53.7772691,20.4740371,,village_green,,,
53.7777121,20.4742808,,village_green,,,
53.7776211,20.4744967,,village_green,,,
53.7751853,20.4677488,Cmentarz żydowski,cemetery,,,
53.7746924,20.4618226,,,,water,
53.7801916,20.4660156,,grass,,,
53.7801247,20.4655710,,grass,,,
53.7828788,20.4704353,,grass,,,
53.7798131,20.4795753,,grass,,,
53.7797996,20.4800297,,grass,,,
53.7799092,20.4800241,,grass,,,
53.7799375,20.4800846,,grass,,,
53.7799715,20.4800837,,grass,,,
53.7796038,20.4800789,,grass,,,
53.7794295,20.4793094,,grass,,,
53.7793999,20.4790463,,grass,,,
53.7799528,20.4789867,,grass,,,
53.7799255,20.4792427,,grass,,,
53.7798175,20.4787685,,grass,,,
53.7791435,20.4790911,,grass,,,
53.7789916,20.4792401,,grass,,,
53.7792479,20.4795539,,grass,,,
53.7793847,20.4795589,,grass,,,
53.7790907,20.4786574,,grass,,,
53.7816954,20.4812159,,grass,,,
53.7799734,20.4800010,,grass,,,
53.7761802,20.4869419,,grass,,,
53.7761448,20.4869098,,grass,,,
53.7760935,20.4868678,,grass,,,
53.7770654,20.4883940,,grass,,,
53.7851851,20.4910467,,grass,,,
53.7650687,20.4847185,Budowa EKOBUD Sp. z o.o.,construction,,,
53.7704955,20.4669168,"""Villa Garden"" WPB Rombud",construction,,,
53.7859946,20.4561999,,grass,,,
53.7858583,20.4564485,,grass,,,
53.7857798,20.4566119,,grass,,,
53.7856961,20.4567647,,grass,,,
53.7856378,20.4568745,,grass,,,
53.7860800,20.4560534,,grass,,,
53.7861340,20.4562111,,grass,,,
53.7858806,20.4566803,,grass,,,
53.7862049,20.4572867,,grass,,,
53.7863391,20.4565027,,grass,,,
53.7862672,20.4569868,,grass,,,
53.7862346,20.4559019,,grass,,,
53.7853957,20.4573360,,grass,,,
53.7853403,20.4576064,,grass,,,
53.7852114,20.4576879,,grass,,,
53.7850092,20.4578703,,grass,,,
53.7681705,20.4854434,,grass,,,
53.7681181,20.4854695,,grass,,,
53.7683588,20.4846756,,grass,,,
53.7685919,20.4840944,,grass,,,
53.7688325,20.4839593,,grass,,,
53.7678357,20.4852372,,grass,,,
53.7674478,20.4848463,,grass,,,
53.7674980,20.4850961,,grass,,,
53.7674094,20.4850665,,grass,,,
53.7675153,20.4847560,,grass,,,
53.7676613,20.4848904,,grass,,,
53.7676491,20.4850656,,grass,,,
53.7679296,20.4846368,,grass,,,
53.7692833,20.4839317,,grass,,,
53.7675502,20.4841843,,grass,,,
53.7695928,20.4852845,,grass,,,
53.7691169,20.4857879,,grass,,,
53.7696571,20.4858546,,grass,,,
53.7686734,20.4837297,,grass,,,
53.7700814,20.4845457,,grass,,,
53.7699146,20.4845890,,grass,,,
53.7688197,20.4866082,,grass,,,
53.7687856,20.4859292,,grass,,,
53.7688309,20.4857727,,grass,,,
53.7688770,20.4856070,,grass,,,
53.7700667,20.4863054,,grass,,,
53.7700379,20.4861816,,grass,,,
53.7681676,20.4855868,,grass,,,
53.7682505,20.4861531,,grass,,,
53.7668679,20.4866364,,grass,,,
53.7673698,20.4860005,,grass,,,
53.7666732,20.4865949,,grass,,,
53.7664536,20.4874758,,grass,,,
53.7662886,20.4874959,,grass,,,
53.7665758,20.4879035,,grass,,,
53.7665870,20.4876709,,grass,,,
53.7669329,20.4857011,,grass,,,
53.7671070,20.4850529,,grass,,,
53.7672694,20.4840118,,grass,,,
53.7670612,20.4873733,,grass,,,
53.7674512,20.4869818,,grass,,,
53.7671047,20.4878032,,grass,,,
53.7672069,20.4878903,,grass,,,
53.7672556,20.4881789,,grass,,,
53.7676020,20.4869312,,grass,,,
53.7669949,20.4879764,,grass,,,
53.7829957,20.4864907,,grass,,,
53.7819178,20.4830365,,grass,,,
53.7819455,20.4827436,,grass,,,
53.7820800,20.4832325,,grass,,,
53.7785187,20.4828037,,grass,,,
53.7681838,20.4858039,,grass,,,
53.7684476,20.4860132,,grass,,,
53.7666693,20.4859161,,grass,,,
53.7663920,20.4868502,,grass,,,
53.7661607,20.4869169,,grass,,,
53.7672949,20.4584536,,,,water,
53.7848436,20.4979689,,grass,,,
53.7848210,20.4974374,,grass,,,
53.7847009,20.4972550,,grass,,,
53.7846134,20.4976605,,grass,,,
53.7848286,20.4967604,,grass,,,
53.7848848,20.4968879,,grass,,,
53.7762223,20.4785455,,grass,,,
53.7761444,20.4788436,,grass,,,
53.7759129,20.4783067,,grass,,,
53.7758857,20.4784101,,grass,,,
53.7758320,20.4782508,,grass,,,
53.7758021,20.4783489,,grass,,,
53.7756840,20.4781433,,grass,,,
53.7756606,20.4782432,,grass,,,
53.7759995,20.4784671,,grass,,,
53.7782514,20.4776487,,grass,,,
53.7656618,20.4538248,,grass,,,
53.7657485,20.4534259,,grass,,,
53.7659474,20.4534090,,grass,,,
53.7660491,20.4539022,,grass,,,
53.7657175,20.4537376,,grass,,,
53.7676578,20.4829483,,retail,,,
53.7663778,20.4882374,,grass,,,
53.7663407,20.4884319,,grass,,,
53.7665338,20.4888891,,grass,,,
53.7759043,20.4650086,,grass,,,
53.7760640,20.4662228,,grass,,,
53.7760948,20.4663123,,grass,,,
53.7759879,20.4663516,,grass,,,
53.7748416,20.4735059,,grass,,,
53.7744728,20.4754183,,grass,,,
53.7743338,20.4782864,,grass,,,
53.7743398,20.4783886,,grass,,,
53.7744943,20.4784883,,grass,,,
53.7735247,20.4814357,,grass,,,
53.7745676,20.4820781,,grass,,,
53.7763171,20.4647473,,grass,,,
53.7764725,20.4644302,,grass,,,
53.7762745,20.4740630,,grass,,,
53.7633935,20.4912294,,retail,,,
53.7786348,20.4823817,,grass,,,
53.7801714,20.4773835,,grass,,,
53.7807610,20.4777384,,grass,,,
53.7790097,20.4810311,,grass,,,
53.7790874,20.4807564,,grass,,,
53.7788420,20.4811474,,grass,,,
53.7785727,20.4820227,,grass,,,
53.7786591,20.4822401,,grass,,,
53.7793628,20.4787503,,grass,,,
53.7794002,20.4785281,,grass,,,
53.7794613,20.4785604,,grass,,,
53.7733558,20.4814378,,grass,,,
53.7730146,20.4877318,,grass,,,
53.7724507,20.4885407,,grass,,,
53.7733413,20.4872803,,grass,,,
53.7757808,20.4885542,,grass,,,
53.7734309,20.4873933,,grass,,,
53.7731273,20.4877117,,grass,,,
53.7730358,20.4879903,,grass,,,
53.7732857,20.4883691,,grass,,,
53.7732396,20.4884663,,grass,,,
53.7722387,20.4904034,,grass,,,
53.7719829,20.4894755,,grass,,,
53.7720419,20.4895710,,grass,,,
53.7721198,20.4894114,,grass,,,
53.7719085,20.4893360,,grass,,,
53.7718938,20.4898694,,grass,,,
53.7720451,20.4887722,,grass,,,
53.7715746,20.4895313,,grass,,,
53.7716550,20.4896419,,grass,,,
53.7717205,20.4895101,,grass,,,
53.7717684,20.4895788,,grass,,,
53.7716384,20.4894452,,grass,,,
53.7727024,20.4878973,,grass,,,
53.7729901,20.4874863,,grass,,,
53.7731533,20.4872530,,grass,,,
53.7733604,20.4869924,,grass,,,
53.7735713,20.4868021,,grass,,,
53.7737197,20.4866892,,grass,,,
53.7738455,20.4865984,,grass,,,
53.7740125,20.4864888,,grass,,,
53.7742986,20.4862284,,grass,,,
53.7739426,20.4871498,,grass,,,
53.7738977,20.4868634,,grass,,,
53.7732302,20.4954673,Modernizacja hali Urania,construction,,,
53.7875392,20.4917952,,grass,,,
53.7881671,20.4916410,,grass,,,
53.7669661,20.4907246,budowa osiedla Panorama - Budlex,construction,,,
53.7822021,20.4857483,,grass,,,
53.7821093,20.4852647,,grass,,,
53.7820386,20.4848880,,grass,,,
53.7820036,20.4846675,,grass,,,
53.7818073,20.4836710,,grass,,,
53.7626164,20.4945005,,retail,,,
53.7809622,20.5045972,Poczta Polska S.A. Centrum Logistyki - Oddział Terenowy Olsztyn,industrial,,,
53.7813792,20.4893542,,grass,,,
53.7812136,20.4895948,,grass,,,
53.7815636,20.4886506,,grass,,,
53.7819192,20.4877085,,grass,,,
53.7802488,20.4827074,,grass,,,
53.7821428,20.4874253,,grass,,,
53.7809247,20.4973129,,grass,,,
53.7813943,20.4963209,,grass,,,
53.7826956,20.4963645,"Niepubliczna Szkoła i Przedszkole ""Absolwent"" w Olsztynie",education,,,
53.7682734,20.4989635,,grass,,,
53.7680923,20.4992713,,grass,,,
53.7682864,20.4996477,,grass,,,
53.7681230,20.4994299,,grass,,,
53.7683188,20.4993144,,grass,,,
53.7684325,20.4984972,,grass,,,
53.7686111,20.4981413,,grass,,,
53.7684326,20.4983987,,grass,,,
53.7800305,20.4887472,,grass,,,
53.7801044,20.4890484,,grass,,,
53.7799532,20.4885237,,grass,,,
53.7739196,20.4972561,,grass,,,
53.7736850,20.4981426,,grass,,,
53.7809216,20.4902496,,grass,,,
53.7801895,20.4894980,,grass,,,
53.7803007,20.4891126,,grass,,,
53.7802066,20.4888458,,grass,,,
53.7802504,20.4887781,,grass,,,
53.7796832,20.4805461,,grass,,,
53.7743347,20.4738485,,grass,,,
53.7741285,20.4740012,,grass,,,
53.7807208,20.4809867,,grass,,,
53.7796414,20.4905160,,grass,,,
53.7794562,20.4904301,,grass,,,
53.7795845,20.4905217,,grass,,,
53.7794398,20.4905976,,grass,,,
53.7793264,20.4908310,,grass,,,
53.7871741,20.4918019,,grass,,,
53.7846129,20.4965597,,grass,,,
53.7850540,20.4915610,,grass,,,
53.7851067,20.4918791,,grass,,,
53.7849565,20.4914237,,grass,,,
53.7863907,20.4911388,,grass,,,
53.7865770,20.4914094,,grass,,,
53.7864681,20.4913511,,grass,,,
53.7864094,20.4915478,,grass,,,
53.7865163,20.4916079,,grass,,,
53.7866295,20.4916727,,grass,,,
53.7739957,20.4869090,,grass,,,
53.7741501,20.4867883,,grass,,,
53.7743931,20.4868091,,grass,,,
53.7742907,20.4867370,,grass,,,
53.7756188,20.4872625,,grass,,,
53.7749565,20.4866853,,grass,,,
53.7835355,20.4536327,,grass,,,
53.7834749,20.4533920,,grass,,,
53.7836301,20.4533449,,grass,,,
53.7737496,20.4810712,,grass,,,
53.7738434,20.4804492,,grass,,,
53.7738860,20.4799174,,grass,,,
53.7739691,20.4798987,,grass,,,
53.7738815,20.4802728,,grass,,,
53.7736160,20.4794696,,grass,,,
53.7727878,20.4802877,,grass,,,
53.7728268,20.4800974,,grass,,,
53.7729144,20.4796767,,grass,,,
53.7729647,20.4794395,,grass,,,
53.7729663,20.4793511,,grass,,,
53.7734499,20.4802677,,grass,,,
53.7740240,20.4791635,,grass,,,
53.7737747,20.4801472,,grass,,,
53.7741324,20.4792075,,grass,,,
53.7739690,20.4801737,,grass,,,
53.7738860,20.4806754,,grass,,,
53.7726241,20.4810717,,grass,,,
53.7726641,20.4808835,,grass,,,
53.7726915,20.4807639,,grass,,,
53.7731338,20.4790309,,grass,,,
53.7841108,20.4530919,,grass,,,
53.7837177,20.4540624,,grass,,,
53.7838244,20.4531045,,grass,,,
53.7833192,20.4531750,,grass,,,
53.7832576,20.4529080,,grass,,,
53.7830615,20.4549721,,grass,,,
53.7673167,20.4864759,,grass,,,
53.7728280,20.4911629,,grass,,,
53.7726267,20.4912310,,grass,,,
53.7724104,20.4905597,,grass,,,
53.7724794,20.4908788,,grass,,,
53.7726314,20.4906065,,grass,,,
53.7726162,20.4903466,,grass,,,
53.7732259,20.4922004,,grass,,,
53.7731223,20.4918766,,grass,,,
53.7732427,20.4916206,,grass,,,
53.7732990,20.4925250,,grass,,,
53.7731157,20.4922882,,grass,,,
53.7731391,20.4908402,,grass,,,
53.7729645,20.4908399,,grass,,,
53.7860662,20.4851042,,grass,,,
53.7857370,20.4842326,,grass,,,
53.7787746,20.4818880,,grass,,,
53.7787272,20.4829814,,grass,,,
53.7747684,20.4840652,,grass,,,
53.7813414,20.4782858,,grass,,,
53.7811354,20.4792343,,grass,,,
53.7812359,20.4790919,,grass,,,
53.7789008,20.4755275,,grass,,,
53.7790610,20.4756007,,grass,,,
53.7788522,20.4753526,,grass,,,
53.7805539,20.4762213,,grass,,,
53.7806407,20.4768318,,grass,,,
53.7828045,20.4533608,,grass,,,
53.7829454,20.4531325,,grass,,,
53.7830034,20.4532681,,grass,,,
53.7831288,20.4535524,,grass,,,
53.7843035,20.4531120,,grass,,,
53.7783528,20.4641498,,grass,,,
53.7783267,20.4643786,,grass,,,
53.7782987,20.4645800,,grass,,,
53.7783978,20.4636869,,grass,,,
53.7784516,20.4636898,,grass,,,
53.7727530,20.4762389,,grass,,,
53.7654969,20.4538997,,grass,,,
53.7658235,20.4541332,,grass,,,
53.7658636,20.4541934,,grass,,,
53.7658284,20.4544883,,grass,,,
53.7665181,20.4630064,,grass,,,
53.7667538,20.4633835,,grass,,,
53.7664497,20.4632454,,grass,,,
53.7772385,20.4788716,,grass,,,
53.7773449,20.4787266,,grass,,,
53.7756786,20.4773985,,grass,,,
53.7757750,20.4771100,,grass,,,
53.7754994,20.4774635,,grass,,,
53.7756311,20.4775866,,grass,,,
53.7764531,20.4777511,,grass,,,
53.7764016,20.4780361,,grass,,,
53.7755168,20.4781813,,grass,,,
53.7752433,20.4783394,,grass,,,
53.7752195,20.4784339,,grass,,,
53.7751488,20.4783911,,grass,,,
53.7750790,20.4783452,,grass,,,
53.7750056,20.4782961,,grass,,,
53.7749390,20.4782515,,grass,,,
53.7749552,20.4781790,,grass,,,
53.7750252,20.4782187,,grass,,,
53.7751038,20.4782609,,grass,,,
53.7751751,20.4783006,,grass,,,
53.7770573,20.4814481,,grass,,,
53.7774466,20.4815791,,grass,,,
53.7763908,20.4794379,,grass,,,
53.7766229,20.4795402,,grass,,,
53.7767203,20.4796457,,grass,,,
53.7782439,20.4880655,,grass,,,
53.7745190,20.4913373,,grass,,,
53.7775978,20.4816126,,grass,,,
53.7775758,20.4853584,,grass,,,
53.7776838,20.4855721,,grass,,,
53.7779242,20.4723196,,grass,,,
53.7781646,20.4725458,,grass,,,
53.7782119,20.4724697,,grass,,,
53.7779314,20.4722091,,grass,,,
53.7800661,20.4799126,,grass,,,
53.7801824,20.4778892,,grass,,,
53.7841147,20.4918415,,grass,,,
53.7832113,20.4921698,,grass,,,
53.7832876,20.4921235,,grass,,,
53.7832783,20.4922852,,grass,,,
53.7834837,20.4919368,,grass,,,
53.7834491,20.4922701,,grass,,,
53.7755925,20.4901940,,grass,,,
53.7812540,20.4878217,,construction,,,
53.7691649,20.4848282,,construction,,,
